Tempo,Sensor 0,Sensor 1,Sensor 2,Sensor 3,Sensor 4,Sensor 5,Sensor 6,Sensor 7,Sensor 8,Sensor 9,Sensor 10,Sensor 11,Sensor 12,Sensor 13,Sensor 14,Sensor 15,Sensor 16,Sensor 17
0.01,56,230,1,278,0,2,1,1,160,70,0,2,9492,2308,-11648,-75,118,-95
0.02,0,294,1,386,0,0,0,0,161,0,1,0,9508,2432,-11564,-87,115,-100
0.03,23,512,1,509,0,1,0,0,161,32,0,1,9400,2240,-11424,-102,104,-93
0.04,23,515,0,504,0,0,1,1,161,32,0,0,9460,2340,-11608,-79,99,-81
0.05,56,500,1,530,0,1,0,1,160,69,0,1,9448,2380,-11580,-100,95,-103
0.060000000000000005,56,500,0,522,0,0,1,1,161,68,0,1,9440,2196,-11568,-88,106,-106
0.07,56,503,0,522,0,1,1,1,161,69,1,1,9432,2344,-11608,-94,77,-126
0.08,76,448,1,535,0,1,1,1,161,82,1,0,9372,2320,-11572,-93,107,-119
0.09,76,446,0,529,0,1,1,1,161,81,1,1,9400,2212,-11576,-83,98,-108
0.09999999999999999,61,328,1,468,0,1,1,2,161,85,1,0,9424,2384,-11548,-78,113,-111
0.10999999999999999,62,324,0,461,0,1,1,1,162,87,1,0,9472,2304,-11584,-97,96,-95
0.11999999999999998,51,175,1,357,0,2,0,1,161,55,0,1,9416,2344,-11640,-78,99,-108
0.12999999999999998,27,115,1,306,0,1,1,0,160,34,1,0,9360,2448,-11564,-96,102,-102
0.13999999999999999,27,143,0,299,0,0,1,1,161,34,1,0,9432,2368,-11680,-97,95,-102
0.15,0,93,1,267,0,1,1,1,160,8,1,1,9456,2404,-11564,-71,76,-129
0.16,0,182,1,285,1,1,0,0,160,0,0,1,9364,2380,-11552,-93,92,-101
0.17,0,487,1,471,0,1,0,0,160,0,0,1,9356,2280,-11588,-87,86,-81
0.18000000000000002,78,435,0,533,1,1,0,1,161,82,1,0,9408,2344,-11580,-66,114,-87
0.19000000000000003,62,315,1,458,0,1,1,2,161,84,1,0,9376,2364,-11676,-87,99,-102
0.20000000000000004,56,237,1,403,0,1,0,1,161,68,0,0,9396,2320,-11456,-89,112,-114
0.21000000000000005,57,234,0,394,0,1,1,1,161,67,0,1,9456,2272,-11484,-90,115,-102
0.22000000000000006,55,232,0,395,0,0,0,1,161,67,0,2,9456,2312,-11496,-83,108,-78
0.23000000000000007,47,164,1,354,0,1,0,1,161,51,1,0,9400,2360,-11616,-77,96,-96
0.24000000000000007,0,53,1,268,0,1,0,1,161,7,0,1,9392,2444,-11460,-86,93,-96
0.25000000000000006,0,261,1,331,0,1,0,0,161,0,0,0,9364,2312,-11516,-77,98,-103
0.26000000000000006,30,522,0,522,1,1,0,1,161,40,1,1,9508,2392,-11656,-79,103,-107
0.2700000000000001,30,521,0,515,0,1,1,0,161,41,1,0,9452,2384,-11608,-69,60,-87
0.2800000000000001,61,489,1,532,0,1,0,1,161,71,1,1,9392,2300,-11624,-94,104,-103
0.2900000000000001,61,487,0,524,0,0,1,1,161,71,1,0,9380,2308,-11520,-88,104,-92
0.3000000000000001,79,416,1,532,0,1,0,1,161,81,1,1,9420,2468,-11676,-91,87,-96
0.3100000000000001,56,224,1,396,0,1,0,1,161,66,0,1,9404,2340,-11620,-88,79,-102
0.3200000000000001,47,157,1,348,0,0,0,1,160,50,1,0,9396,2368,-11680,-95,102,-104
0.3300000000000001,47,175,0,340,0,1,0,1,161,50,0,1,9388,2300,-11588,-79,95,-103
0.34000000000000014,21,115,1,300,0,1,1,1,161,27,1,0,9452,2408,-11560,-92,98,-93
0.35000000000000014,0,101,1,265,0,1,0,1,161,0,0,1,9444,2280,-11500,-96,106,-107
0.36000000000000015,0,156,1,284,0,1,0,0,161,0,0,1,9452,2316,-11628,-101,99,-96
0.37000000000000016,0,405,1,422,1,0,0,0,161,0,1,1,9436,2352,-11612,-106,114,-98
0.38000000000000017,32,525,1,525,0,1,0,0,161,44,0,1,9400,2252,-11656,-92,82,-103
0.3900000000000002,43,511,1,527,0,0,0,1,161,65,1,0,9416,2300,-11580,-103,99,-94
0.4000000000000002,64,484,1,532,0,1,0,1,161,72,1,0,9392,2324,-11616,-86,91,-87
0.4100000000000002,59,291,1,442,0,1,0,1,161,81,1,1,9368,2376,-11640,-86,108,-93
0.4200000000000002,56,216,1,387,0,1,0,2,161,65,1,0,9432,2280,-11608,-95,99,-105
0.4300000000000002,46,148,1,338,0,0,1,0,161,48,1,0,9424,2380,-11608,-70,119,-102
0.4400000000000002,45,168,0,330,0,1,1,0,161,47,0,1,9484,2388,-11572,-84,81,-86
0.45000000000000023,0,70,1,257,0,1,0,0,161,1,0,1,9416,2308,-11692,-107,78,-103
0.46000000000000024,0,153,0,278,1,1,0,1,161,0,0,1,9460,2360,-11508,-89,79,-109
0.47000000000000025,0,422,0,422,1,0,0,0,161,0,1,1,9440,2464,-11640,-79,90,-100
0.48000000000000026,45,520,0,522,1,1,0,1,161,66,1,1,9408,2216,-11480,-107,101,-96
0.49000000000000027,46,516,0,523,0,0,0,1,161,65,1,1,9376,2344,-11632,-106,78,-89
0.5000000000000002,70,475,1,533,0,1,1,1,161,72,1,0,9484,2392,-11504,-98,96,-86
0.5100000000000002,59,275,1,431,0,1,0,1,161,79,0,2,9460,2300,-11612,-81,109,-110
0.5200000000000002,58,272,0,424,0,1,0,1,161,78,1,1,9356,2432,-11604,-79,74,-89
0.5300000000000002,41,131,1,331,0,1,0,1,161,44,0,1,9464,2360,-11632,-93,93,-81
0.5400000000000003,0,60,1,262,0,1,0,0,161,0,0,1,9436,2396,-11620,-110,83,-99
0.5500000000000003,0,196,0,300,1,0,0,0,161,0,0,1,9428,2284,-11712,-86,98,-80
0.5600000000000003,33,525,0,521,0,1,0,1,161,50,0,0,9472,2336,-11724,-95,103,-104
0.5700000000000003,33,515,0,521,0,1,1,0,161,51,1,0,9440,2352,-11536,-83,101,-99
0.5800000000000003,46,500,1,529,0,1,0,1,161,68,1,0,9312,2412,-11568,-91,105,-98
0.5900000000000003,69,462,1,533,0,1,1,1,160,76,1,0,9384,2260,-11548,-85,95,-107
0.6000000000000003,67,359,1,500,0,1,1,1,161,83,1,0,9428,2408,-11624,-93,101,-93
0.6100000000000003,57,264,1,424,0,1,1,1,161,74,1,0,9428,2252,-11636,-95,87,-103
0.6200000000000003,53,192,1,372,0,1,0,1,161,59,1,0,9356,2312,-11732,-94,96,-97
0.6300000000000003,3,60,1,286,0,1,0,0,161,17,0,1,9540,2416,-11560,-96,85,-109
0.6400000000000003,0,115,0,276,1,0,0,0,162,0,0,1,9428,2428,-11548,-89,111,-104
0.6500000000000004,0,199,1,311,0,1,0,1,161,0,0,1,9488,2328,-11500,-88,92,-101
0.6600000000000004,14,497,1,505,1,1,0,1,161,26,0,1,9360,2500,-11644,-80,109,-89
0.6700000000000004,35,512,1,528,0,1,1,1,162,56,1,0,9332,2356,-11496,-90,98,-89
0.6800000000000004,69,448,1,534,0,1,0,1,161,77,0,0,9360,2320,-11532,-90,83,-106
0.6900000000000004,60,336,1,487,0,1,0,1,161,83,1,0,9300,2284,-11556,-118,107,-122
0.7000000000000004,73,444,1,533,1,0,0,1,161,77,0,1,9308,2408,-11528,-76,98,-97
0.7100000000000004,56,250,1,415,0,1,0,1,161,71,0,1,9320,2368,-11536,-85,105,-106
0.7200000000000004,57,248,0,408,0,0,0,1,161,70,1,1,9456,2296,-11700,-92,101,-97
0.7300000000000004,51,180,1,364,0,0,1,1,161,56,1,0,9464,2352,-11652,-105,106,-101
0.7400000000000004,57,256,1,413,1,1,0,1,161,69,0,1,9348,2320,-11548,-100,89,-105
0.7500000000000004,56,244,0,405,0,0,1,0,161,69,1,2,9384,2328,-11616,-88,103,-103
0.7600000000000005,55,243,0,404,0,1,1,1,161,69,1,1,9516,2440,-11596,-77,106,-86
0.7700000000000005,51,176,1,361,0,1,1,1,161,55,1,0,9384,2328,-11644,-98,86,-96
0.7800000000000005,0,48,1,277,0,1,0,1,161,10,0,1,9368,2348,-11572,-94,93,-97
0.7900000000000005,0,164,0,289,0,1,0,0,161,0,1,1,9464,2380,-11464,-88,97,-96
0.8000000000000005,26,529,0,505,1,0,0,0,162,37,0,0,9460,2308,-11644,-93,103,-100
0.8100000000000005,26,511,0,506,0,0,1,1,161,37,1,0,9320,2384,-11512,-101,120,-110
0.8200000000000005,0,444,0,467,1,0,0,0,161,0,0,0,9436,2308,-11644,-87,110,-99
0.8300000000000005,57,490,0,525,1,0,0,1,161,69,1,1,9392,2392,-11464,-86,103,-105
0.8400000000000005,58,488,1,523,0,1,0,1,162,70,0,1,9528,2344,-11672,-98,119,-94
0.8500000000000005,75,425,1,534,0,1,1,1,161,82,1,0,9440,2380,-11704,-77,108,-94
0.8600000000000005,61,308,1,457,0,1,1,1,161,83,1,0,9416,2400,-11540,-91,109,-106
0.8700000000000006,60,303,0,449,0,1,0,2,161,85,1,1,9424,2284,-11712,-106,111,-113
0.8800000000000006,78,419,1,532,1,1,0,1,161,79,1,0,9368,2344,-11648,-69,104,-109
0.8900000000000006,79,418,0,527,0,1,1,1,161,82,1,1,9368,2388,-11496,-72,98,-99
0.9000000000000006,56,226,1,398,0,1,0,1,161,66,0,1,9360,2312,-11700,-82,77,-84
0.9100000000000006,22,85,2,303,0,1,0,0,161,30,1,1,9456,2296,-11600,-78,105,-110
0.9200000000000006,0,70,1,266,0,0,1,1,161,5,1,0,9468,2368,-11540,-92,81,-87
0.9300000000000006,0,268,0,326,1,0,0,0,161,0,0,0,9392,2272,-11496,-84,76,-101
0.9400000000000006,31,517,0,522,2,1,0,0,161,41,0,1,9396,2404,-11488,-109,77,-97
0.9500000000000006,41,505,1,528,0,1,0,1,161,62,0,0,9404,2328,-11420,-83,88,-86
0.9600000000000006,77,406,1,528,0,1,0,1,161,82,0,2,9420,2468,-11600,-94,88,-102
0.9700000000000006,60,292,1,445,0,1,1,1,161,83,1,0,9432,2368,-11612,-85,105,-98
0.9800000000000006,54,217,1,391,0,0,0,1,162,64,1,0,9472,2404,-11612,-97,103,-105
0.9900000000000007,54,215,0,382,0,1,0,1,161,64,1,1,9444,2388,-11552,-112,124,-106
1.0000000000000007,60,288,1,441,1,0,0,1,161,83,1,1,9492,2308,-11448,-87,101,-101
1.0100000000000007,59,284,0,434,0,1,1,1,161,82,1,1,9360,2460,-11592,-95,110,-95
1.0200000000000007,53,212,1,386,0,1,1,1,161,63,1,0,9464,2228,-11576,-102,117,-101
1.0300000000000007,59,284,1,437,1,1,0,1,162,80,1,0,9376,2376,-11508,-70,87,-95
1.0400000000000007,42,138,1,338,0,2,0,1,161,46,1,1,9428,2356,-11424,-80,116,-86
1.0500000000000007,14,94,1,294,0,0,1,1,161,23,1,1,9440,2444,-11468,-88,91,-79
1.0600000000000007,0,114,1,273,1,0,0,0,161,0,0,1,9388,2388,-11600,-103,74,-106
1.0700000000000007,0,193,1,307,0,1,0,0,161,0,0,1,9420,2328,-11400,-91,97,-100
1.0800000000000007,3,489,1,500,2,1,0,0,161,13,0,1,9484,2380,-11592,-88,82,-100
1.0900000000000007,44,499,1,530,0,1,0,1,161,65,0,1,9384,2400,-11604,-82,118,-116
1.1000000000000008,46,498,0,522,0,0,1,1,161,65,1,1,9484,2428,-11616,-90,99,-101
1.1100000000000008,70,465,1,533,0,1,0,1,161,73,1,1,9456,2368,-11624,-91,110,-93
1.1200000000000008,71,366,1,504,0,1,0,1,161,83,1,0,9428,2340,-11456,-82,87,-92
1.1300000000000008,54,194,1,375,0,1,0,1,161,59,0,1,9436,2348,-11468,-78,100,-117
1.1400000000000008,53,197,0,366,0,1,1,1,161,60,0,1,9440,2364,-11736,-80,86,-101
1.1500000000000008,38,128,1,327,0,1,1,1,161,42,1,0,9388,2284,-11612,-94,90,-81
1.1600000000000008,0,67,1,264,0,1,0,0,161,0,1,1,9384,2328,-11656,-83,88,-79
1.1700000000000008,0,327,0,374,0,1,0,0,161,0,0,0,9464,2356,-11552,-90,112,-100
1.1800000000000008,13,493,1,505,0,1,0,1,161,24,0,1,9412,2320,-11628,-96,106,-98
1.1900000000000008,35,513,1,528,0,0,0,1,161,56,1,0,9356,2444,-11564,-96,104,-111
1.2000000000000008,35,511,0,521,0,1,0,0,161,56,1,0,9384,2392,-11548,-76,86,-121
1.2100000000000009,52,495,1,528,0,1,1,1,161,68,1,0,9336,2432,-11664,-92,84,-91
1.2200000000000009,60,331,1,483,0,2,0,1,162,82,0,1,9468,2372,-11492,-90,114,-114
1.2300000000000009,60,326,0,475,0,1,1,1,161,83,1,1,9464,2424,-11672,-73,105,-110
1.2400000000000009,61,322,0,472,0,1,1,1,161,84,1,1,9412,2404,-11720,-98,87,-96
1.2500000000000009,51,176,1,362,0,1,0,1,161,55,0,1,9372,2332,-11532,-93,80,-95
1.260000000000001,0,47,1,277,0,1,0,1,161,11,0,1,9420,2360,-11588,-92,108,-89
1.270000000000001,0,125,1,280,1,1,0,1,161,0,0,1,9428,2408,-11584,-100,96,-85
1.280000000000001,0,351,0,387,0,0,0,0,161,0,1,1,9420,2356,-11644,-96,99,-89
1.290000000000001,56,491,0,525,0,0,0,1,161,67,0,1,9360,2404,-11568,-84,111,-98
1.300000000000001,74,429,1,535,0,1,1,1,161,80,1,0,9356,2344,-11512,-84,95,-82
1.310000000000001,53,232,1,404,0,1,0,1,161,66,1,1,9368,2340,-11640,-74,105,-89
1.320000000000001,48,165,1,356,0,1,0,1,162,52,1,0,9408,2324,-11572,-96,96,-94
1.330000000000001,0,46,1,270,0,1,0,1,162,7,0,1,9388,2344,-11624,-107,92,-91
1.340000000000001,0,174,0,292,0,0,0,0,161,0,0,1,9472,2424,-11552,-90,88,-81
1.350000000000001,29,532,1,513,0,0,0,1,161,39,0,0,9432,2400,-11728,-85,93,-105
1.360000000000001,39,507,1,528,0,1,1,1,162,62,1,0,9404,2460,-11640,-88,101,-105
1.370000000000001,38,503,0,521,0,0,0,1,162,62,1,0,9496,2324,-11608,-78,106,-93
1.380000000000001,63,484,1,531,0,1,1,1,161,70,1,0,9364,2416,-11644,-78,113,-85
1.390000000000001,77,409,1,528,0,1,0,1,161,80,1,0,9468,2372,-11676,-86,108,-101
1.400000000000001,79,405,0,520,0,1,1,1,162,81,1,1,9384,2292,-11712,-98,99,-110
1.410000000000001,59,291,1,445,0,1,1,1,161,82,1,0,9472,2360,-11576,-93,84,-102
1.420000000000001,54,216,1,390,0,1,1,1,162,63,1,0,9460,2320,-11428,-82,104,-104
1.430000000000001,55,213,0,381,0,0,1,1,161,64,1,1,9436,2320,-11512,-91,97,-89
1.440000000000001,16,74,1,295,0,1,0,1,161,25,0,1,9480,2252,-11480,-88,83,-112
1.450000000000001,0,82,1,267,0,1,0,0,161,0,1,1,9436,2308,-11540,-75,95,-94
1.460000000000001,0,416,0,422,1,1,0,0,161,0,0,0,9372,2256,-11472,-72,110,-107
1.470000000000001,33,519,1,527,0,1,0,1,162,46,0,1,9368,2492,-11776,-98,94,-101
1.480000000000001,43,508,1,529,0,1,0,1,161,64,1,1,9376,2340,-11744,-79,95,-97
1.490000000000001,75,386,1,513,0,1,0,2,161,84,0,1,9584,2376,-11680,-73,105,-109
1.500000000000001,74,383,0,504,0,1,1,1,162,86,1,1,9412,2272,-11596,-89,107,-108
1.5100000000000011,73,379,0,501,0,1,0,1,161,84,1,1,9396,2352,-11600,-68,98,-84
1.5200000000000011,55,204,1,374,0,1,0,1,161,62,0,1,9468,2512,-11684,-99,104,-97
1.5300000000000011,41,135,1,324,0,1,0,1,161,43,1,0,9320,2420,-11588,-126,99,-99
1.5400000000000011,5,92,1,281,0,0,0,0,161,19,1,1,9420,2244,-11648,-33,105,-89
1.5500000000000012,0,136,1,263,1,0,0,0,160,0,1,1,9272,2124,-11664,-20,141,-102
1.5600000000000012,0,211,1,307,0,1,0,0,160,0,0,0,9488,2600,-11632,-84,81,-111
1.5700000000000012,14,509,0,498,1,0,0,1,162,23,0,1,9456,2432,-11708,-128,92,-93
1.5800000000000012,35,521,1,528,0,1,0,1,161,54,1,0,9424,1992,-11416,-97,89,-97
1.5900000000000012,71,453,1,535,0,1,0,1,161,76,0,1,9456,2496,-11568,-62,104,-92
1.6000000000000012,62,337,1,485,0,0,1,1,161,83,1,0,9632,2472,-11720,-125,125,-131
1.6100000000000012,73,447,0,533,1,1,0,1,162,77,1,0,9388,2264,-11704,-78,116,-112
1.6200000000000012,74,445,0,528,0,1,1,1,161,78,1,0,9488,2640,-11484,-132,59,-105
1.6300000000000012,76,443,0,529,0,0,1,1,162,79,1,1,9428,2312,-11692,-99,126,-113
1.6400000000000012,76,440,1,529,0,1,0,1,161,79,1,1,9284,2220,-11624,-75,90,-94
1.6500000000000012,58,244,1,407,0,1,0,2,162,69,0,1,9488,2496,-11672,-71,87,-116
1.6600000000000013,51,174,1,356,0,0,1,1,161,54,1,0,9524,2420,-11696,-105,119,-83
1.6700000000000013,50,184,0,349,0,1,1,0,162,53,0,1,9368,2304,-11488,-96,103,-96
1.6800000000000013,26,118,1,306,0,1,0,0,162,32,1,0,9376,2248,-11708,-69,92,-84
1.6900000000000013,0,90,1,263,0,1,0,1,161,0,0,1,9504,2568,-11816,-102,84,-99
1.7000000000000013,0,262,0,317,0,1,0,0,161,0,1,1,9456,2252,-11588,-98,100,-103
1.7100000000000013,0,468,1,485,0,1,0,0,161,0,1,1,9312,2208,-11652,-84,107,-95
1.7200000000000013,62,495,0,524,1,1,0,1,161,72,0,1,9412,2436,-11632,-94,120,-86
1.7300000000000013,81,420,1,532,0,1,1,1,161,81,1,0,9420,2364,-11628,-118,107,-109
1.7400000000000013,63,489,1,528,1,0,0,1,161,70,0,1,9444,2240,-11588,-78,82,-92
1.7500000000000013,60,297,1,446,0,1,0,1,161,82,1,1,9496,2380,-11692,-75,67,-107
1.7600000000000013,55,221,1,389,0,1,0,1,161,64,1,0,9464,2372,-11596,-100,95,-95
1.7700000000000014,46,149,1,340,0,1,1,1,161,48,1,0,9372,2244,-11784,-99,81,-105
1.7800000000000014,17,101,1,294,0,1,1,0,161,25,1,0,9384,2280,-11560,-84,90,-98
1.7900000000000014,0,99,1,263,0,1,0,1,161,0,0,1,9436,2328,-11608,-92,100,-94
1.8000000000000014,0,304,0,344,0,0,0,0,161,0,0,0,9448,2364,-11680,-91,96,-113
1.8100000000000014,32,526,1,527,1,1,0,1,161,46,1,0,9500,2272,-11604,-91,112,-92
1.8200000000000014,45,511,1,529,0,1,1,1,161,65,1,0,9428,2404,-11752,-104,77,-87
1.8300000000000014,71,478,1,533,0,1,1,1,161,73,1,0,9336,2316,-11516,-111,103,-92
1.8400000000000014,71,473,0,526,0,0,0,1,161,74,1,0,9568,2288,-11652,-78,91,-108
1.8500000000000014,73,372,1,506,0,1,1,1,161,84,1,0,9360,2396,-11412,-73,100,-113
1.8600000000000014,71,366,1,496,0,1,0,1,161,83,1,1,9480,2388,-11532,-89,100,-98
1.8700000000000014,60,269,1,425,0,1,1,1,161,75,1,0,9356,2348,-11480,-80,104,-112
1.8800000000000014,58,265,0,416,0,0,1,1,161,73,1,1,9392,2368,-11616,-120,106,-90
1.8900000000000015,58,262,0,415,0,0,1,0,162,71,0,1,9424,2352,-11688,-96,67,-101
1.9000000000000015,53,192,1,369,0,0,1,1,161,57,1,0,9448,2332,-11560,-90,90,-102
1.9100000000000015,35,126,1,319,0,1,1,1,161,39,1,0,9256,2376,-11652,-87,113,-97
1.9200000000000015,0,86,1,278,0,0,0,1,161,14,1,0,9380,2340,-11624,-95,106,-109
1.9300000000000015,0,114,1,266,0,1,0,1,161,0,0,1,9496,2380,-11476,-88,101,-94
1.9400000000000015,0,231,1,305,1,1,0,0,161,0,0,1,9460,2288,-11480,-88,101,-74
1.9500000000000015,24,522,1,511,1,1,0,1,161,32,0,1,9388,2316,-11708,-101,81,-93
1.9600000000000015,39,521,1,528,0,0,1,1,161,59,1,0,9460,2300,-11568,-107,84,-119
1.9700000000000015,37,518,0,522,0,1,0,1,161,59,0,0,9404,2380,-11528,-90,93,-99
1.9800000000000015,78,438,1,535,0,1,0,1,162,79,0,1,9384,2384,-11732,-88,123,-80
1.9900000000000015,61,316,1,463,0,1,1,1,161,83,1,0,9408,2324,-11620,-96,85,-89
2.0000000000000013,50,166,1,354,0,1,0,0,161,53,0,1,9368,2312,-11712,-96,120,-107
2.010000000000001,48,179,0,344,0,0,1,1,161,52,1,1,9464,2328,-11640,-63,96,-98
2.020000000000001,0,58,1,264,0,1,0,1,161,6,0,1,9388,2360,-11620,-93,102,-97
2.0300000000000007,0,188,1,290,1,0,0,1,161,0,1,1,9404,2404,-11520,-78,91,-101
2.0400000000000005,0,493,1,489,1,0,0,0,161,0,0,1,9436,2332,-11688,-88,90,-96
2.0500000000000003,81,419,0,525,2,0,0,1,162,81,0,1,9424,2412,-11656,-87,92,-98
2.06,55,222,1,391,0,2,0,1,162,66,0,1,9488,2288,-11564,-78,114,-91
2.07,46,153,1,342,0,1,1,1,162,48,1,0,9380,2380,-11508,-90,92,-99
2.0799999999999996,0,58,1,260,0,1,0,0,161,3,0,1,9392,2300,-11684,-75,80,-100
2.0899999999999994,0,196,0,294,1,0,0,0,161,0,0,0,9480,2312,-11616,-78,98,-105
2.099999999999999,0,498,1,492,1,0,0,0,161,8,0,1,9464,2324,-11520,-103,77,-95
2.109999999999999,69,483,1,533,1,0,1,2,161,75,1,1,9416,2208,-11652,-85,88,-100
2.1199999999999988,75,389,1,516,0,1,1,1,162,86,1,0,9480,2364,-11572,-99,110,-90
2.1299999999999986,60,281,1,433,0,1,0,1,161,78,1,0,9392,2356,-11632,-96,101,-109
2.1399999999999983,59,277,0,423,0,1,0,1,162,77,1,1,9296,2296,-11528,-87,113,-93
2.149999999999998,53,204,1,377,0,1,0,1,161,61,1,0,9324,2388,-11604,-95,97,-106
2.159999999999998,39,135,1,327,0,1,1,1,161,43,1,1,9404,2288,-11740,-109,98,-85
2.1699999999999977,5,94,1,283,0,1,0,1,162,17,1,0,9344,2328,-11560,-100,84,-109
2.1799999999999975,0,109,1,265,0,1,0,0,161,0,0,2,9364,2380,-11564,-106,90,-112
2.1899999999999973,0,171,1,288,0,1,0,0,161,0,0,1,9356,2372,-11568,-102,101,-86
2.199999999999997,0,327,1,375,0,1,0,0,161,0,0,1,9480,2408,-11456,-84,85,-102
2.209999999999997,35,523,1,528,1,0,0,1,161,55,1,1,9472,2484,-11536,-67,109,-91
2.2199999999999966,51,505,1,529,1,1,1,1,161,66,1,0,9396,2444,-11596,-92,91,-97
2.2299999999999964,60,334,1,483,0,2,0,1,162,85,1,1,9452,2364,-11724,-112,107,-98
2.239999999999996,62,329,0,473,0,1,1,1,161,86,1,1,9392,2328,-11564,-98,83,-117
2.249999999999996,55,250,1,411,0,0,0,1,162,69,1,0,9388,2288,-11580,-70,101,-101
2.259999999999996,57,246,0,403,0,1,1,1,162,68,1,1,9372,2300,-11568,-101,115,-99
2.2699999999999956,56,243,0,402,0,1,1,1,162,68,1,1,9316,2308,-11516,-101,114,-91
2.2799999999999954,56,242,0,399,0,1,1,1,162,69,0,1,9432,2352,-11588,-80,110,-93
2.289999999999995,49,172,1,356,0,0,1,1,162,52,1,0,9500,2376,-11540,-83,98,-96
2.299999999999995,0,49,1,269,0,1,0,1,162,7,0,1,9448,2324,-11588,-90,131,-94
2.3099999999999947,0,180,0,288,1,0,0,1,162,0,1,1,9432,2272,-11368,-70,76,-91
2.3199999999999945,29,545,1,512,1,1,0,1,162,39,0,1,9476,2376,-11576,-89,99,-89
2.3299999999999943,61,496,1,532,0,1,0,1,162,70,0,1,9360,2248,-11548,-100,94,-101
2.339999999999994,63,494,0,525,0,1,1,1,161,69,1,1,9376,2300,-11736,-85,100,-101
2.349999999999994,62,491,0,524,0,1,0,1,162,70,1,1,9420,2372,-11456,-96,94,-108
2.3599999999999937,79,417,2,531,0,0,1,1,162,82,1,0,9340,2316,-11656,-96,100,-92
2.3699999999999934,59,299,1,445,0,0,1,1,162,84,1,0,9440,2268,-11592,-79,100,-110
2.3799999999999932,60,294,0,438,0,1,1,1,162,82,1,1,9468,2248,-11752,-82,82,-90
2.389999999999993,45,148,1,341,0,2,0,1,161,49,0,1,9404,2400,-11540,-95,89,-102
2.399999999999993,18,102,1,294,0,0,0,0,162,25,1,0,9436,2352,-11444,-80,95,-84
2.4099999999999926,0,98,1,264,0,1,0,0,162,0,0,1,9416,2392,-11668,-91,87,-95
2.4199999999999924,0,425,1,428,0,1,0,0,161,0,0,0,9340,2268,-11564,-84,90,-102
2.429999999999992,45,514,1,529,1,1,0,1,162,66,1,1,9428,2284,-11440,-85,88,-92
2.439999999999992,75,391,1,518,0,1,0,2,161,84,0,1,9364,2336,-11528,-106,106,-89
2.4499999999999917,77,387,0,509,0,1,1,1,162,84,1,1,9440,2360,-11540,-85,117,-93
2.4599999999999915,58,281,1,433,0,1,1,1,162,79,1,1,9496,2280,-11684,-106,72,-91
2.4699999999999913,53,205,1,379,0,1,1,1,162,61,1,0,9440,2260,-11588,-84,110,-83
2.479999999999991,41,136,1,330,0,1,0,0,161,43,1,0,9428,2244,-11720,-77,81,-108
2.489999999999991,7,95,1,286,0,0,0,1,162,19,1,0,9444,2372,-11612,-90,98,-84
2.4999999999999907,0,161,0,278,1,0,0,0,162,0,0,1,9356,2456,-11648,-103,97,-78
2.5099999999999905,0,436,1,445,1,0,0,0,162,0,0,1,9396,2340,-11592,-98,86,-111
2.5199999999999902,50,508,1,523,0,1,0,1,162,66,1,1,9412,2364,-11712,-94,98,-85
2.52999999999999,68,359,1,498,0,1,0,1,162,83,0,1,9416,2492,-11512,-81,100,-92
2.53999999999999,58,265,1,423,0,1,0,1,163,73,1,0,9408,2268,-11532,-97,92,-88
2.5499999999999896,36,120,1,321,0,2,0,1,162,41,0,1,9340,2268,-11640,-74,113,-88
2.5599999999999894,0,84,1,280,0,1,0,1,162,15,1,0,9448,2360,-11552,-107,108,-100
2.569999999999989,0,101,1,261,0,1,0,0,162,0,1,0,9456,2348,-11716,-84,98,-86
2.579999999999989,0,219,0,301,1,0,0,0,162,0,0,0,9388,2420,-11612,-85,98,-96
2.5899999999999888,35,529,1,524,0,0,0,1,162,58,0,1,9492,2424,-11708,-99,104,-101
2.5999999999999885,36,522,0,521,0,0,1,1,162,58,1,0,9448,2368,-11532,-90,113,-110
2.6099999999999883,37,521,0,521,0,1,0,0,163,58,0,0,9360,2288,-11504,-88,74,-93
2.619999999999988,74,448,1,535,0,1,0,0,162,80,0,2,9412,2424,-11500,-88,69,-117
2.629999999999988,61,328,1,478,0,1,1,1,163,84,1,0,9428,2412,-11620,-82,93,-100
2.6399999999999877,56,250,1,411,0,1,1,1,163,71,1,0,9456,2356,-11648,-94,107,-111
2.6499999999999875,57,247,0,403,0,1,1,1,162,69,0,1,9376,2424,-11660,-82,112,-97
2.6599999999999873,52,178,1,359,0,1,1,1,162,56,1,0,9508,2404,-11736,-85,86,-107
2.669999999999987,29,117,1,311,0,1,1,0,162,34,1,0,9368,2380,-11524,-92,98,-115
2.679999999999987,0,81,1,271,0,0,1,0,163,9,1,0,9408,2348,-11656,-103,112,-99
2.6899999999999866,0,145,1,278,1,0,0,0,162,0,0,1,9436,2296,-11680,-90,83,-99
2.6999999999999864,0,497,0,467,1,0,0,0,162,0,0,0,9396,2324,-11584,-83,106,-122
2.709999999999986,38,520,1,529,0,1,0,1,163,61,1,1,9420,2408,-11528,-88,114,-89
2.719999999999986,59,501,1,529,0,1,1,0,162,69,1,0,9400,2388,-11472,-95,88,-94
2.7299999999999858,60,314,1,461,0,2,0,2,162,84,1,1,9420,2256,-11540,-93,117,-103
2.7399999999999856,61,312,0,450,0,1,0,1,163,85,1,1,9456,2404,-11684,-102,106,-94
2.7499999999999853,61,310,0,448,0,1,1,1,162,84,1,1,9376,2368,-11508,-124,100,-99
2.759999999999985,60,309,0,450,0,1,1,1,162,84,1,1,9404,2312,-11684,-91,104,-105
2.769999999999985,60,308,0,448,0,1,1,1,162,85,1,1,9432,2384,-11628,-108,109,-81
2.7799999999999847,62,307,1,447,0,1,1,1,162,84,1,1,9364,2248,-11708,-78,86,-79
2.7899999999999845,49,162,1,352,0,1,0,1,162,51,0,1,9388,2208,-11576,-85,93,-101
2.7999999999999843,23,108,1,303,0,0,1,0,162,30,1,0,9392,2436,-11752,-89,89,-106
2.809999999999984,0,83,1,263,0,0,1,0,162,5,1,0,9416,2324,-11672,-125,84,-102
2.819999999999984,0,150,1,278,1,0,0,0,163,0,0,1,9260,2280,-11612,-79,98,-92
2.8299999999999836,0,509,0,481,1,0,0,0,163,0,1,0,9404,2392,-11568,-82,109,-99
2.8399999999999834,62,495,0,525,1,1,0,1,162,70,1,1,9404,2296,-11548,-83,95,-100
2.849999999999983,79,421,1,532,0,1,1,2,162,82,1,0,9404,2304,-11540,-104,89,-122
2.859999999999983,79,416,0,524,0,0,1,1,163,81,1,0,9444,2380,-11636,-109,109,-93
2.869999999999983,79,412,0,524,0,0,1,1,162,81,1,0,9356,2280,-11500,-98,96,-111
2.8799999999999826,61,298,1,449,0,1,1,1,162,84,1,0,9364,2448,-11552,-78,94,-96
2.8899999999999824,46,152,1,345,0,1,0,1,162,49,0,1,9392,2324,-11436,-78,113,-100
2.899999999999982,47,173,1,337,0,1,0,1,162,49,1,1,9368,2352,-11608,-78,106,-100
2.909999999999982,47,182,0,337,0,0,0,1,162,49,1,1,9392,2396,-11672,-101,114,-102
2.9199999999999817,55,255,1,392,1,1,0,1,162,64,1,1,9416,2372,-11800,-79,74,-92
2.9299999999999815,19,92,1,296,0,1,0,1,162,27,0,1,9364,2372,-11616,-78,108,-104
2.9399999999999813,0,84,1,260,0,1,0,1,163,2,1,0,9452,2388,-11628,-107,103,-115
2.949999999999981,0,126,1,270,0,1,0,0,162,0,0,1,9548,2396,-11608,-95,98,-96
2.959999999999981,0,415,0,412,1,0,0,0,163,0,0,1,9336,2276,-11580,-88,100,-106
2.9699999999999807,31,528,1,526,0,1,0,0,163,43,0,1,9504,2444,-11600,-100,100,-92
2.9799999999999804,32,527,0,519,0,0,1,0,163,42,0,0,9480,2380,-11484,-102,89,-99
2.9899999999999802,43,515,1,528,0,1,0,1,162,64,1,0,9288,2316,-11556,-98,107,-89
2.99999999999998,67,488,1,533,0,1,1,0,163,71,1,0,9484,2432,-11464,-101,81,-98
3.00999999999998,79,407,1,526,0,1,1,1,163,82,1,0,9436,2296,-11628,-84,101,-113
3.0199999999999796,77,403,0,517,0,0,1,1,163,83,1,1,9408,2356,-11616,-88,114,-81
3.0299999999999794,60,293,1,442,0,1,0,1,163,82,1,0,9452,2376,-11700,-91,113,-87
3.039999999999979,55,217,1,388,0,0,1,0,162,64,1,0,9476,2404,-11664,-101,102,-114
3.049999999999979,61,293,1,442,1,1,0,1,162,83,0,1,9480,2356,-11572,-101,97,-95
3.0599999999999787,55,218,1,388,0,1,0,0,163,64,1,0,9416,2252,-11568,-87,113,-81
3.0699999999999785,44,149,1,340,0,1,0,1,162,47,1,0,9352,2292,-11708,-74,118,-102
3.0799999999999783,45,169,0,332,0,0,1,1,163,47,0,2,9492,2316,-11664,-88,115,-89
3.089999999999978,17,114,1,293,0,1,1,1,163,24,1,0,9416,2356,-11516,-100,95,-96
3.099999999999978,0,96,1,260,0,1,1,1,162,1,1,0,9360,2396,-11616,-82,78,-109
3.1099999999999777,0,202,0,293,0,1,0,0,163,0,1,0,9428,2348,-11480,-87,95,-95
3.1199999999999775,33,545,0,519,1,0,0,1,163,43,0,1,9372,2360,-11564,-105,118,-88
3.1299999999999772,32,528,0,519,0,1,0,0,163,44,0,0,9416,2404,-11704,-103,94,-94
3.139999999999977,44,515,1,529,0,1,0,1,163,64,1,0,9412,2364,-11644,-101,107,-90
3.149999999999977,44,513,0,522,0,0,1,1,163,65,0,1,9392,2424,-11528,-84,89,-95
3.1599999999999766,78,401,2,523,1,1,0,1,162,84,0,1,9392,2268,-11692,-111,110,-110
3.1699999999999764,66,483,0,532,1,1,0,1,162,73,1,1,9388,2316,-11740,-94,86,-99
3.179999999999976,59,290,1,441,0,2,0,1,162,83,0,2,9524,2312,-11692,-88,118,-88
3.189999999999976,55,217,1,385,0,1,0,1,162,64,1,0,9468,2376,-11564,-89,108,-97
3.1999999999999758,45,149,1,339,0,1,1,1,163,47,1,0,9400,2332,-11632,-71,85,-104
3.2099999999999755,16,102,1,292,0,0,1,1,162,25,1,0,9424,2392,-11496,-61,111,-94
3.2199999999999753,0,92,1,260,0,1,1,1,163,1,1,0,9416,2356,-11660,-107,93,-110
3.229999999999975,0,156,1,281,1,0,0,0,163,0,0,1,9384,2228,-11716,-93,98,-87
3.239999999999975,0,518,0,491,1,1,0,0,162,6,0,0,9440,2352,-11696,-99,123,-84
3.2499999999999747,65,488,0,530,1,1,0,1,162,72,1,1,9440,2328,-11572,-76,97,-92
3.2599999999999745,60,292,1,441,0,1,0,1,162,84,0,1,9372,2380,-11700,-96,104,-105
3.2699999999999743,61,292,0,434,0,1,1,1,163,82,2,1,9392,2328,-11504,-74,93,-101
3.279999999999974,55,220,1,387,0,1,0,1,163,65,1,0,9356,2308,-11624,-65,77,-84
3.289999999999974,18,79,1,294,0,2,0,1,162,25,0,1,9440,2368,-11568,-89,108,-107
3.2999999999999736,0,78,1,259,0,1,1,0,163,2,1,0,9344,2316,-11524,-109,91,-90
3.3099999999999734,0,197,1,293,1,0,0,0,162,0,0,1,9364,2300,-11512,-85,94,-119
3.319999999999973,0,497,1,489,1,0,0,0,162,4,1,1,9340,2316,-11580,-91,113,-98
3.329999999999973,64,489,0,528,1,1,0,1,162,72,1,1,9420,2464,-11492,-84,100,-87
3.3399999999999728,81,411,1,528,0,0,1,1,163,82,1,0,9460,2356,-11624,-84,110,-115
3.3499999999999726,79,408,0,520,0,1,1,1,163,82,1,1,9328,2396,-11568,-80,83,-97
3.3599999999999723,55,220,1,391,0,1,0,1,163,65,1,1,9424,2276,-11608,-101,80,-89
3.369999999999972,46,153,1,342,0,1,0,1,162,49,1,0,9516,2332,-11568,-107,102,-114
3.379999999999972,55,243,1,391,1,1,0,2,162,65,1,1,9368,2276,-11584,-109,98,-93
3.3899999999999717,46,160,1,343,0,1,0,1,162,49,1,0,9408,2224,-11656,-83,116,-99
3.3999999999999715,19,109,1,297,0,0,1,1,162,26,1,0,9428,2444,-11660,-94,93,-100
3.4099999999999713,0,90,1,260,0,0,0,1,162,3,1,1,9384,2264,-11548,-112,75,-92
3.419999999999971,0,194,0,292,1,0,0,0,162,0,1,0,9436,2324,-11580,-96,100,-90
3.429999999999971,0,494,0,484,1,0,0,1,162,1,1,1,9448,2500,-11608,-97,108,-109
3.4399999999999706,43,516,1,530,0,1,0,1,162,64,0,1,9548,2316,-11628,-118,93,-98
3.4499999999999704,62,493,1,532,0,0,1,1,162,71,1,0,9212,2368,-11568,-97,96,-83
3.45999999999997,61,301,1,449,0,1,0,2,162,84,0,1,9504,2352,-11656,-97,88,-94
3.46999999999997,46,156,1,345,0,1,0,1,162,50,0,1,9360,2436,-11540,-101,113,-102
3.47999999999997,55,245,1,394,1,1,0,1,162,66,1,1,9368,2244,-11652,-82,107,-104
3.4899999999999696,56,230,0,388,0,0,1,1,162,67,1,1,9408,2324,-11496,-74,92,-92
3.4999999999999694,22,86,1,300,0,2,0,0,162,30,0,1,9468,2432,-11648,-117,116,-77
3.509999999999969,0,74,1,262,0,0,1,1,162,5,1,0,9500,2388,-11516,-106,91,-101
3.519999999999969,0,151,0,279,1,1,0,1,162,0,0,1,9408,2300,-11500,-91,88,-87
3.5299999999999687,0,507,1,480,1,0,0,0,162,0,1,0,9380,2364,-11544,-83,98,-110
3.5399999999999685,61,497,1,529,1,1,0,1,163,70,1,1,9448,2264,-11492,-95,107,-96
3.5499999999999683,79,427,1,533,0,0,1,1,162,81,1,0,9368,2308,-11544,-88,121,-79
3.559999999999968,61,309,2,453,0,1,1,2,162,85,1,0,9424,2416,-11720,-84,112,-100
3.569999999999968,61,308,0,449,0,1,0,1,162,84,1,1,9388,2380,-11476,-102,108,-97
3.5799999999999677,60,309,0,448,0,0,1,1,162,85,1,0,9388,2272,-11572,-96,90,-112
3.5899999999999674,57,236,1,402,0,1,1,1,162,67,1,0,9480,2336,-11536,-85,90,-94
3.5999999999999672,25,93,1,305,0,2,0,1,162,31,0,1,9460,2304,-11540,-66,58,-105
3.609999999999967,0,79,1,262,0,1,0,0,162,0,0,1,9408,2380,-11700,-85,103,-90
3.619999999999967,0,253,0,313,1,0,0,0,162,0,0,1,9480,2344,-11636,-94,98,-102
3.6299999999999666,28,526,1,510,1,0,0,1,162,37,0,1,9432,2296,-11584,-82,116,-102
3.6399999999999664,28,525,0,510,0,0,1,1,162,38,1,0,9436,2316,-11580,-100,110,-104
3.649999999999966,0,460,0,470,1,0,0,0,162,0,0,0,9372,2452,-11564,-85,105,-81
3.659999999999966,58,500,1,531,1,0,0,1,163,68,1,1,9456,2288,-11584,-108,77,-88
3.6699999999999657,78,438,1,534,0,1,1,2,162,80,1,0,9452,2296,-11548,-80,103,-93
3.6799999999999655,62,319,1,466,0,1,1,1,163,85,1,0,9384,2352,-11628,-88,66,-80
3.6899999999999653,50,173,1,357,0,1,0,1,163,54,0,1,9480,2316,-11568,-87,113,-89
3.699999999999965,29,116,1,310,0,1,0,1,162,35,1,0,9388,2360,-11612,-96,77,-103
3.709999999999965,0,81,1,271,0,1,0,1,162,9,1,0,9472,2284,-11612,-99,94,-95
3.7199999999999647,0,241,0,305,1,1,0,0,162,0,1,0,9432,2316,-11508,-94,114,-110
3.7299999999999645,0,450,1,470,0,1,0,0,163,0,0,1,9360,2288,-11592,-103,92,-108
3.7399999999999642,37,520,1,529,0,1,0,1,163,60,0,1,9396,2304,-11604,-106,94,-88
3.749999999999964,55,505,1,529,0,1,0,1,162,67,1,0,9464,2356,-11604,-91,104,-104
3.759999999999964,56,503,0,522,0,1,0,1,163,67,0,1,9256,2316,-11604,-86,87,-119
3.7699999999999636,75,447,1,535,0,1,1,1,162,78,1,0,9456,2328,-11476,-95,96,-93
3.7799999999999634,57,250,1,412,0,1,0,1,163,70,0,1,9476,2300,-11624,-96,110,-90
3.789999999999963,52,182,1,362,0,1,1,1,163,56,1,0,9428,2448,-11616,-91,91,-107
3.799999999999963,32,122,1,316,0,1,0,1,163,37,1,0,9516,2228,-11432,-100,75,-105
3.8099999999999627,33,150,0,307,0,1,1,1,163,38,1,0,9392,2332,-11620,-92,88,-99
3.8199999999999625,0,93,1,260,0,1,0,0,163,0,0,1,9540,2324,-11500,-113,88,-97
3.8299999999999623,0,225,1,303,1,1,0,0,162,0,0,0,9496,2288,-11664,-81,105,-112
3.839999999999962,0,436,1,461,0,1,0,0,163,0,0,1,9340,2460,-11488,-98,103,-115
3.849999999999962,36,523,1,529,0,1,0,0,163,57,0,1,9480,2300,-11556,-94,74,-104
3.8599999999999617,53,506,1,528,0,1,1,1,162,67,1,0,9424,2328,-11440,-91,108,-107
3.8699999999999615,51,504,0,522,0,0,0,1,163,67,1,1,9424,2316,-11560,-97,100,-107
3.8799999999999613,53,505,0,522,0,0,1,1,163,67,0,1,9364,2408,-11592,-68,95,-101
3.889999999999961,71,457,1,534,0,1,1,1,163,77,1,0,9520,2400,-11704,-108,124,-104
3.899999999999961,52,506,0,527,1,1,0,1,163,68,1,1,9420,2340,-11568,-84,99,-125
3.9099999999999606,71,459,1,534,0,1,1,2,163,76,1,0,9408,2360,-11592,-89,90,-116
3.9199999999999604,63,350,1,494,0,1,0,1,163,83,1,1,9420,2348,-11716,-99,112,-101
3.92999999999996,64,349,0,487,0,1,0,1,163,84,1,1,9416,2300,-11640,-102,102,-81
3.93999999999996,64,352,0,488,0,1,1,1,162,84,1,1,9424,2296,-11580,-92,86,-115
3.9499999999999598,59,266,1,422,0,1,0,1,162,74,1,0,9420,2432,-11720,-75,87,-102
3.9599999999999596,52,194,1,370,0,0,0,1,162,59,1,0,9432,2328,-11624,-88,112,-129
3.9699999999999593,54,200,0,364,0,0,1,1,162,58,1,1,9464,2368,-11620,-86,71,-118
3.979999999999959,37,134,1,325,0,0,1,1,162,41,1,0,9380,2408,-11624,-86,97,-81
3.989999999999959,0,73,1,261,0,1,0,0,162,0,0,1,9352,2308,-11644,-97,102,-84
3.9999999999999587,0,210,1,299,0,0,0,0,162,0,0,0,9336,2424,-11684,-93,94,-96
4.009999999999959,35,533,1,522,0,1,0,1,163,51,1,1,9376,2312,-11628,-102,116,-114
4.019999999999959,9,499,0,497,1,1,0,0,163,18,1,1,9516,2320,-11548,-99,95,-112
4.0299999999999585,49,509,1,530,0,1,0,1,162,66,1,1,9404,2320,-11680,-73,96,-106
4.039999999999958,70,472,0,533,0,0,1,1,163,74,1,0,9376,2280,-11780,-103,106,-115
4.049999999999958,47,509,0,528,1,0,0,1,162,66,0,1,9360,2328,-11752,-86,105,-93
4.059999999999958,70,473,1,533,0,1,0,1,162,75,1,0,9404,2404,-11644,-87,94,-104
4.069999999999958,72,375,1,508,0,1,1,2,163,84,1,0,9432,2416,-11508,-104,97,-91
4.079999999999957,58,276,1,430,0,1,0,1,163,76,1,0,9388,2380,-11632,-98,83,-117
4.089999999999957,54,204,1,378,0,1,1,1,163,61,1,0,9412,2364,-11692,-92,97,-108
4.099999999999957,41,138,1,330,0,1,0,1,163,44,1,0,9312,2420,-11500,-75,103,-96
4.109999999999957,11,98,1,287,0,0,1,1,162,21,1,0,9440,2252,-11676,-86,101,-70
4.119999999999957,0,105,1,263,0,1,0,1,162,0,0,1,9476,2328,-11532,-79,100,-90
4.129999999999956,0,206,1,296,1,0,0,0,162,0,1,1,9388,2368,-11608,-75,91,-95
4.139999999999956,33,541,0,521,1,1,0,1,162,47,0,0,9356,2312,-11556,-75,102,-103
4.149999999999956,34,526,0,520,0,0,0,0,163,47,1,0,9404,2308,-11580,-83,89,-103
4.159999999999956,45,512,1,530,0,1,0,1,162,65,1,0,9368,2268,-11512,-89,81,-118
4.1699999999999555,69,480,1,533,0,1,1,1,163,72,1,0,9388,2424,-11556,-65,122,-87
4.179999999999955,75,391,0,517,0,0,1,1,163,84,1,0,9464,2340,-11556,-79,104,-105
4.189999999999955,77,390,1,511,0,1,1,1,163,83,1,0,9396,2388,-11548,-82,100,-93
4.199999999999955,60,286,1,436,0,0,1,1,163,80,1,0,9448,2276,-11732,-75,78,-95
4.209999999999955,43,141,2,335,0,2,0,1,162,47,0,1,9496,2304,-11608,-83,84,-110
4.2199999999999545,15,100,1,290,0,1,1,1,162,23,1,0,9432,2232,-11612,-82,93,-88
4.229999999999954,0,101,1,263,0,1,0,1,162,0,0,1,9444,2184,-11556,-75,101,-108
4.239999999999954,0,157,1,282,0,1,0,1,162,0,0,1,9416,2320,-11620,-98,90,-98
4.249999999999954,0,517,0,492,2,0,0,0,162,7,0,0,9416,2308,-11548,-89,108,-119
4.259999999999954,43,514,1,530,0,1,0,1,163,64,0,1,9496,2372,-11648,-86,98,-89
4.269999999999953,79,402,1,524,0,1,0,1,163,83,0,1,9396,2436,-11608,-78,116,-96
4.279999999999953,61,292,1,441,0,1,1,1,162,81,1,1,9416,2264,-11548,-120,81,-100
4.289999999999953,60,291,0,433,0,0,1,1,163,83,1,1,9452,2400,-11524,-102,91,-101
4.299999999999953,59,292,0,435,0,1,1,1,163,82,1,1,9448,2328,-11592,-71,101,-105
4.3099999999999525,61,293,0,437,0,1,1,1,162,82,1,1,9488,2220,-11560,-94,97,-89
4.319999999999952,44,148,1,342,0,1,0,1,163,48,0,1,9456,2368,-11592,-78,104,-112
4.329999999999952,47,171,0,334,0,1,0,1,162,48,1,1,9424,2392,-11440,-82,88,-110
4.339999999999952,19,114,1,295,0,1,1,0,162,26,1,0,9472,2344,-11656,-95,97,-106
4.349999999999952,0,94,1,260,0,0,0,1,162,3,1,0,9456,2352,-11616,-88,89,-87
4.3599999999999515,0,287,0,329,1,0,0,0,162,0,0,0,9484,2336,-11608,-80,95,-100
4.369999999999951,32,530,0,523,1,1,0,1,162,42,0,1,9468,2316,-11608,-94,112,-103
4.379999999999951,33,528,0,518,0,0,0,1,162,44,1,0,9396,2368,-11740,-113,103,-109
4.389999999999951,0,477,0,486,1,0,0,0,162,3,0,0,9432,2336,-11640,-101,89,-104
4.399999999999951,42,515,1,529,0,2,0,1,162,64,0,1,9380,2396,-11668,-120,99,-109
4.40999999999995,42,515,0,522,0,0,0,1,161,64,0,1,9428,2332,-11652,-90,111,-91
4.41999999999995,64,492,1,532,0,0,1,1,162,72,1,1,9412,2332,-11580,-89,103,-100
4.42999999999995,62,491,0,525,0,0,1,1,161,72,1,1,9316,2324,-11528,-92,104,-120
4.43999999999995,64,491,0,525,0,0,1,1,161,71,1,0,9280,2412,-11540,-81,87,-98
4.4499999999999496,60,302,1,448,0,1,0,1,162,83,0,1,9376,2336,-11604,-85,115,-100
4.459999999999949,60,302,0,443,0,1,1,1,162,86,1,1,9508,2364,-11564,-100,106,-109
4.469999999999949,80,420,1,531,1,1,0,1,162,82,1,1,9428,2364,-11516,-103,86,-109
4.479999999999949,78,419,0,526,0,0,1,1,162,81,1,1,9372,2372,-11608,-71,81,-99
4.489999999999949,54,228,1,396,0,1,0,1,162,66,1,1,9328,2388,-11556,-89,104,-111
4.4999999999999485,56,229,0,389,0,0,0,1,161,66,0,1,9468,2364,-11624,-99,88,-102
4.509999999999948,49,162,1,349,0,0,1,0,161,51,1,0,9476,2296,-11664,-68,92,-86
4.519999999999948,0,52,0,263,0,1,0,0,161,5,0,1,9464,2436,-11708,-98,91,-103
4.529999999999948,0,183,0,289,0,0,0,0,161,0,0,1,9408,2444,-11672,-95,105,-91
4.539999999999948,0,488,0,480,1,0,0,0,162,0,0,1,9412,2280,-11608,-85,108,-107
4.549999999999947,40,517,1,529,0,1,0,1,161,63,1,0,9452,2392,-11624,-100,87,-119
4.559999999999947,40,517,0,522,0,0,0,1,162,62,1,1,9412,2332,-11608,-91,117,-94
4.569999999999947,60,497,1,531,0,0,0,1,161,70,1,1,9448,2432,-11624,-90,74,-129
4.579999999999947,77,428,1,533,0,1,1,2,162,83,1,0,9380,2484,-11564,-78,97,-106
4.589999999999947,60,309,1,454,0,1,1,1,161,86,1,0,9436,2376,-11344,-70,89,-92
4.599999999999946,49,163,1,350,0,1,0,1,162,52,0,1,9492,2356,-11548,-60,95,-89
4.609999999999946,0,50,1,267,0,1,0,0,162,6,1,1,9444,2316,-11624,-93,101,-94
4.619999999999946,0,180,0,289,0,0,0,0,161,0,0,0,9376,2336,-11624,-88,93,-111
4.629999999999946,0,483,1,481,1,0,0,0,161,0,0,1,9424,2280,-11544,-100,113,-116
4.6399999999999455,29,528,1,518,0,0,0,0,161,38,1,0,9316,2400,-11592,-91,70,-103
4.649999999999945,40,519,1,528,0,1,1,0,161,62,1,0,9412,2340,-11732,-109,91,-114
4.659999999999945,39,517,0,522,0,1,1,1,161,62,1,1,9468,2320,-11660,-83,110,-93
4.669999999999945,61,499,1,530,0,1,0,1,162,69,1,0,9388,2280,-11648,-88,93,-107
4.679999999999945,78,432,0,535,0,1,1,1,162,81,1,0,9436,2352,-11636,-85,112,-92
4.689999999999944,61,313,1,456,0,1,1,1,161,85,1,0,9508,2280,-11660,-74,97,-92
4.699999999999944,49,166,1,355,0,1,0,1,161,53,0,1,9404,2344,-11656,-86,116,-106
4.709999999999944,51,183,0,346,0,1,0,2,161,53,1,1,9460,2368,-11456,-80,113,-96
4.719999999999944,25,120,1,305,0,0,1,0,161,32,1,0,9388,2364,-11476,-97,69,-86
4.729999999999944,0,93,1,262,0,1,0,0,161,0,0,1,9352,2400,-11600,-93,107,-102
4.739999999999943,0,186,1,294,1,1,0,0,161,0,1,1,9416,2328,-11552,-108,84,-95
4.749999999999943,0,487,0,475,1,0,0,0,161,0,1,1,9432,2400,-11616,-71,90,-105
4.759999999999943,60,501,1,531,1,1,0,1,161,71,1,1,9440,2356,-11532,-91,107,-103
4.769999999999943,59,497,0,523,0,1,1,1,161,69,1,1,9404,2388,-11788,-90,95,-92
4.7799999999999425,60,313,1,457,0,1,0,1,161,85,1,0,9476,2304,-11632,-70,106,-87
4.789999999999942,56,237,1,401,0,1,1,1,161,68,1,0,9508,2384,-11692,-88,119,-85
4.799999999999942,49,168,1,354,0,1,1,1,161,53,1,0,9460,2352,-11564,-92,105,-94
4.809999999999942,25,112,1,305,0,0,0,1,161,32,1,0,9372,2212,-11728,-84,91,-97
4.819999999999942,0,89,1,262,0,1,0,0,161,0,0,1,9420,2428,-11764,-92,103,-106
4.8299999999999415,0,188,1,294,1,0,0,0,161,0,0,1,9356,2368,-11444,-93,92,-114
4.839999999999941,0,488,1,481,1,1,0,0,161,0,0,1,9480,2400,-11576,-86,96,-93
4.849999999999941,79,433,0,530,1,0,0,1,162,82,1,1,9424,2308,-11628,-72,68,-112
4.859999999999941,61,313,1,456,0,1,1,1,162,85,1,0,9344,2248,-11560,-94,94,-103
4.869999999999941,56,236,1,400,0,1,0,1,161,67,1,0,9488,2316,-11612,-72,112,-86
4.87999999999994,49,167,1,352,0,1,1,1,161,52,1,0,9392,2332,-11552,-101,75,-79
4.88999999999994,25,111,1,304,0,0,0,1,162,31,1,0,9428,2320,-11700,-90,107,-101
4.89999999999994,25,139,0,297,0,0,0,1,161,31,1,0,9392,2388,-11656,-88,83,-95
4.90999999999994,0,103,0,264,0,1,0,0,161,0,1,1,9452,2372,-11664,-71,95,-80
4.9199999999999395,0,265,0,317,1,0,0,0,161,0,0,1,9396,2356,-11596,-93,90,-100
4.929999999999939,30,528,0,513,1,0,0,1,162,40,0,1,9464,2428,-11608,-82,90,-98
4.939999999999939,62,497,1,532,0,1,0,1,161,71,0,1,9432,2328,-11460,-74,85,-88
4.949999999999939,60,309,1,454,0,2,0,2,161,85,1,1,9440,2300,-11588,-111,90,-103
4.959999999999939,61,306,0,446,0,1,1,1,161,85,1,0,9420,2368,-11600,-91,99,-79
4.9699999999999385,48,161,1,349,0,1,0,1,161,51,1,1,9428,2472,-11720,-96,101,-119
4.979999999999938,48,178,0,342,0,0,0,1,161,52,1,1,9572,2392,-11552,-92,95,-79
4.989999999999938,0,60,1,263,0,2,0,1,161,5,1,1,9440,2332,-11600,-97,106,-92
4.999999999999938,0,189,0,297,1,1,0,0,161,0,0,0,9440,2376,-11596,-74,101,-94
5.009999999999938,0,490,0,480,1,1,0,0,161,0,1,0,9548,2388,-11716,-104,74,-106
5.019999999999937,40,516,1,529,0,1,0,1,162,64,1,1,9380,2380,-11724,-89,100,-116
5.029999999999937,41,516,0,522,0,1,1,1,161,63,1,1,9388,2304,-11680,-74,109,-116
5.039999999999937,42,515,0,522,0,1,0,1,161,64,0,1,9368,2368,-11496,-79,98,-99
5.049999999999937,79,418,1,531,0,2,0,1,161,82,0,1,9572,2292,-11652,-73,98,-105
5.0599999999999365,61,301,1,449,0,1,1,1,161,84,0,0,9372,2304,-11572,-85,117,-109
5.069999999999936,61,300,0,439,0,1,1,1,161,83,1,1,9508,2420,-11552,-92,98,-105
5.079999999999936,57,225,1,392,0,1,1,0,161,66,1,0,9468,2364,-11600,-78,74,-90
5.089999999999936,20,82,1,297,0,2,0,1,161,27,0,1,9484,2332,-11608,-94,72,-102
5.099999999999936,0,84,1,263,0,1,0,0,160,0,0,1,9440,2332,-11500,-86,102,-93
5.1099999999999355,0,282,0,330,1,0,0,0,161,0,1,0,9360,2332,-11616,-89,112,-97
5.119999999999935,33,529,0,516,1,1,0,1,161,44,0,1,9416,2348,-11664,-87,75,-105
5.129999999999935,43,516,1,529,0,0,1,1,161,64,1,0,9528,2360,-11508,-87,126,-111
5.139999999999935,43,513,0,521,0,1,1,1,161,65,0,0,9428,2320,-11544,-77,114,-91
5.149999999999935,66,488,1,532,0,1,0,0,161,72,1,0,9404,2384,-11540,-96,81,-77
5.159999999999934,59,292,1,442,0,1,0,1,162,83,0,2,9464,2416,-11468,-77,102,-109
5.169999999999934,61,290,0,433,0,0,1,1,162,82,1,1,9376,2400,-11624,-77,98,-106
5.179999999999934,54,216,1,385,0,0,1,1,161,64,1,0,9388,2388,-11688,-87,96,-85
5.189999999999934,15,75,1,291,0,1,0,1,162,25,1,1,9468,2348,-11616,-85,92,-86
5.199999999999934,0,106,1,268,1,1,0,0,162,0,0,1,9436,2320,-11648,-83,105,-89
5.209999999999933,0,293,0,349,1,0,0,0,162,0,0,1,9348,2388,-11564,-78,93,-108
5.219999999999933,34,529,0,520,1,0,0,0,161,47,1,1,9428,2308,-11672,-100,108,-100
5.229999999999933,2,488,0,493,1,0,0,0,162,12,1,1,9472,2400,-11572,-90,94,-109
5.239999999999933,47,512,1,530,0,1,0,1,162,66,0,1,9496,2356,-11592,-109,80,-102
5.2499999999999325,44,510,0,521,0,1,0,1,162,67,1,1,9364,2392,-11472,-94,102,-95
5.259999999999932,69,479,1,532,0,1,0,1,162,75,1,0,9524,2380,-11448,-89,101,-83
5.269999999999932,74,384,1,514,0,1,1,1,162,85,1,0,9412,2332,-11456,-91,105,-88
5.279999999999932,58,279,1,431,0,1,1,1,162,79,1,1,9436,2284,-11528,-98,94,-101
5.289999999999932,54,205,1,377,0,1,1,1,162,62,1,0,9376,2300,-11532,-103,106,-98
5.299999999999931,54,206,0,370,0,1,1,1,161,62,0,1,9420,2376,-11584,-88,86,-107
5.309999999999931,41,136,1,329,0,1,0,1,161,43,1,0,9388,2360,-11616,-110,106,-96
5.319999999999931,40,159,0,320,0,1,1,1,161,43,0,1,9308,2360,-11536,-80,100,-95
5.329999999999931,7,107,1,284,0,1,0,1,161,19,1,0,9392,2472,-11688,-87,100,-98
5.339999999999931,0,111,1,264,0,1,0,0,161,0,0,1,9380,2312,-11512,-105,101,-97
5.34999999999993,0,167,1,285,0,2,0,0,161,0,0,1,9452,2392,-11608,-99,90,-95
5.35999999999993,10,531,0,496,1,0,0,1,161,22,1,1,9440,2284,-11732,-81,77,-89
5.36999999999993,49,508,1,529,0,1,0,1,160,68,1,1,9452,2392,-11644,-81,91,-97
5.37999999999993,67,356,1,495,0,2,0,1,161,86,0,1,9408,2320,-11628,-100,102,-58
5.3899999999999295,67,351,0,488,0,1,1,1,161,84,1,1,9456,2300,-11728,-83,90,-90
5.399999999999929,52,190,1,368,0,1,0,1,161,59,0,1,9388,2344,-11484,-109,105,-88
5.409999999999929,53,195,0,361,0,0,1,1,161,58,0,1,9392,2324,-11580,-93,102,-111
5.419999999999929,52,198,0,358,1,0,0,1,161,59,0,1,9404,2400,-11576,-102,104,-82
5.429999999999929,52,199,0,359,0,0,1,1,162,57,0,2,9408,2316,-11648,-102,101,-96
5.4399999999999284,53,199,0,357,0,0,0,1,161,57,0,1,9428,2384,-11592,-97,96,-96
5.449999999999928,0,60,1,277,0,1,0,1,161,13,0,1,9444,2336,-11612,-83,88,-86
5.459999999999928,0,168,1,283,1,0,0,0,161,0,1,0,9444,2376,-11636,-80,104,-98
5.469999999999928,0,459,0,465,1,0,0,0,161,0,0,1,9392,2348,-11568,-95,96,-105
5.479999999999928,55,503,1,525,1,0,0,1,161,68,1,1,9468,2332,-11536,-93,88,-111
5.489999999999927,76,444,1,535,0,1,0,2,161,79,1,0,9480,2420,-11704,-84,93,-92
5.499999999999927,57,244,1,409,0,1,1,0,161,69,0,1,9392,2296,-11748,-85,107,-85
5.509999999999927,51,175,1,359,0,0,1,1,161,55,1,0,9408,2360,-11408,-75,90,-99
5.519999999999927,0,48,1,271,0,1,0,0,161,9,0,2,9488,2396,-11600,-71,117,-98
5.5299999999999265,0,174,0,287,0,0,0,0,161,0,0,0,9380,2372,-11700,-97,89,-100
5.539999999999926,0,476,0,470,0,0,0,0,161,0,0,1,9456,2252,-11576,-91,102,-116
5.549999999999926,38,517,1,529,0,1,0,1,161,61,0,1,9408,2348,-11532,-87,97,-116
5.559999999999926,60,498,1,530,0,1,1,1,161,69,1,0,9340,2344,-11528,-95,93,-112
5.569999999999926,77,428,1,534,0,1,0,1,162,81,1,0,9468,2308,-11664,-82,89,-120
5.5799999999999255,61,308,1,454,0,1,1,1,161,85,1,0,9392,2256,-11604,-105,83,-102
5.589999999999925,60,305,0,447,0,1,1,1,161,85,1,1,9356,2380,-11576,-93,109,-106
5.599999999999925,62,303,0,446,0,0,1,1,161,83,1,1,9436,2468,-11496,-82,87,-94
5.609999999999925,46,157,1,347,0,1,0,1,161,50,0,1,9544,2332,-11584,-74,99,-116
5.619999999999925,21,104,1,298,0,1,1,1,162,28,1,0,9440,2312,-11492,-64,96,-83
5.629999999999924,0,93,1,263,0,1,0,0,162,0,0,1,9408,2368,-11560,-92,88,-100
5.639999999999924,0,282,1,329,1,0,0,0,161,0,0,0,9368,2300,-11568,-102,107,-93
5.649999999999924,0,478,1,498,0,1,0,0,162,4,0,1,9352,2408,-11468,-82,96,-97
5.659999999999924,79,408,0,518,0,1,0,1,162,83,1,0,9412,2456,-11600,-98,79,-72
5.6699999999999235,55,217,1,387,0,2,0,1,162,64,0,1,9336,2356,-11540,-70,113,-93
5.679999999999923,45,146,1,338,0,1,1,1,162,47,0,0,9348,2340,-11704,-102,92,-90
5.689999999999923,15,100,1,291,0,0,1,1,162,24,1,0,9376,2448,-11652,-102,100,-98
5.699999999999923,14,126,0,283,0,1,1,1,162,23,0,0,9400,2428,-11468,-82,107,-98
5.709999999999923,0,103,1,259,0,0,1,0,162,0,1,0,9392,2312,-11432,-77,117,-97
5.7199999999999225,0,162,1,276,1,1,0,0,161,0,1,1,9396,2424,-11632,-78,89,-70
5.729999999999922,3,524,1,492,1,0,0,0,161,15,1,0,9452,2352,-11492,-103,81,-105
5.739999999999922,33,527,1,528,0,1,0,1,161,48,1,0,9424,2452,-11696,-89,98,-89
5.749999999999922,70,472,1,534,0,1,0,1,162,73,0,1,9368,2316,-11560,-100,82,-110
5.759999999999922,71,469,0,527,0,1,1,1,162,75,1,0,9428,2408,-11532,-90,80,-102
5.769999999999921,69,365,1,503,0,0,1,1,162,83,1,0,9444,2348,-11552,-102,98,-92
5.779999999999921,59,268,1,424,0,1,0,1,162,74,1,0,9444,2428,-11604,-92,115,-81
5.789999999999921,53,195,1,371,0,1,1,1,162,60,1,0,9340,2344,-11640,-96,101,-95
5.799999999999921,37,128,1,322,0,0,1,1,162,40,1,1,9436,2276,-11592,-79,93,-96
5.809999999999921,0,73,1,262,0,1,0,1,162,0,0,1,9356,2376,-11552,-112,92,-106
5.81999999999992,0,169,1,289,2,0,0,0,161,0,0,1,9332,2296,-11544,-100,102,-109
5.82999999999992,0,203,1,311,0,1,0,0,162,0,1,0,9392,2480,-11628,-86,98,-112
5.83999999999992,22,515,1,501,0,0,0,0,162,30,1,1,9472,2296,-11516,-90,105,-100
5.84999999999992,23,514,0,503,0,0,0,0,161,32,0,0,9440,2296,-11380,-108,99,-91
5.8599999999999195,37,520,1,529,0,0,1,1,161,58,1,0,9468,2316,-11692,-95,109,-107
5.869999999999919,38,518,0,522,0,0,1,1,162,60,0,0,9320,2352,-11540,-84,95,-89
5.879999999999919,76,439,1,534,0,1,0,1,162,79,0,1,9440,2376,-11660,-89,103,-94
5.889999999999919,61,318,1,467,0,1,1,1,162,84,1,0,9444,2396,-11392,-109,90,-100
5.899999999999919,60,314,0,456,0,1,1,1,162,85,1,1,9436,2308,-11616,-100,86,-99
5.909999999999918,56,238,1,404,0,1,1,1,162,68,1,0,9388,2340,-11640,-75,92,-83
5.919999999999918,25,91,1,306,0,1,0,1,162,31,0,1,9408,2340,-11612,-96,100,-116
5.929999999999918,0,72,1,265,0,0,0,0,162,6,1,0,9400,2280,-11660,-84,84,-95
5.939999999999918,0,269,0,322,1,0,0,0,162,0,0,1,9428,2296,-11556,-71,109,-100
5.949999999999918,0,471,1,488,0,1,0,0,162,0,0,1,9416,2248,-11532,-83,104,-85
5.959999999999917,63,491,1,528,1,1,0,0,162,71,1,1,9420,2308,-11472,-94,89,-94
5.969999999999917,61,299,1,446,0,1,0,1,162,82,1,1,9412,2344,-11484,-84,104,-86
5.979999999999917,55,221,1,390,0,1,1,1,163,65,1,0,9336,2248,-11600,-82,112,-96
5.989999999999917,45,149,1,341,0,0,0,1,162,48,1,0,9404,2312,-11656,-101,90,-95
5.9999999999999165,17,101,1,292,0,0,1,0,163,25,1,0,9408,2368,-11656,-101,107,-118
6.009999999999916,45,195,0,330,1,0,0,1,162,46,1,0,9416,2340,-11612,-75,89,-129
6.019999999999916,13,123,1,291,0,1,1,1,162,22,1,0,9436,2452,-11512,-99,116,-103
6.029999999999916,13,135,0,281,0,1,1,1,162,22,0,0,9252,2388,-11584,-77,83,-93
6.039999999999916,0,113,1,265,0,1,0,0,163,0,0,1,9448,2392,-11500,-97,109,-88
6.0499999999999154,0,210,0,297,1,0,0,0,162,0,0,1,9408,2352,-11632,-83,106,-102
6.059999999999915,0,416,1,442,0,1,0,0,162,0,0,1,9480,2436,-11516,-83,95,-104
6.069999999999915,47,507,0,522,1,0,0,1,162,66,1,1,9316,2360,-11612,-95,100,-94
6.079999999999915,72,467,1,534,0,0,1,2,162,74,1,0,9408,2360,-11488,-102,115,-90
6.089999999999915,71,461,0,528,0,0,1,2,162,76,1,1,9460,2380,-11604,-96,103,-111
6.099999999999914,71,458,0,527,0,1,1,1,162,75,1,0,9540,2332,-11740,-104,106,-113
6.109999999999914,53,505,0,528,1,1,0,1,163,68,1,0,9456,2468,-11552,-91,107,-101
6.119999999999914,53,502,0,522,0,1,0,0,163,69,1,1,9456,2336,-11568,-87,97,-105
6.129999999999914,73,449,1,534,0,1,0,1,162,78,1,0,9432,2208,-11476,-97,102,-105
6.1399999999999135,74,444,0,529,0,1,1,1,162,79,1,1,9420,2336,-11608,-82,74,-103
6.149999999999913,61,324,1,474,0,0,1,1,163,85,1,0,9412,2440,-11568,-100,83,-91
6.159999999999913,59,245,1,410,0,1,0,0,163,68,1,0,9484,2288,-11516,-95,105,-109
6.169999999999913,57,241,0,399,0,1,1,1,162,69,0,1,9420,2248,-11724,-94,95,-114
6.179999999999913,51,170,1,356,0,0,1,1,162,54,1,0,9388,2368,-11576,-79,85,-109
6.1899999999999125,27,110,1,306,0,1,1,1,162,32,1,0,9412,2344,-11628,-90,86,-109
6.199999999999912,0,80,1,266,0,0,1,0,163,6,0,0,9372,2380,-11680,-94,95,-94
6.209999999999912,0,267,0,319,1,1,0,0,162,0,1,0,9440,2400,-11620,-93,86,-89
6.219999999999912,41,518,1,522,1,0,0,1,162,65,0,1,9420,2296,-11676,-101,107,-91
6.229999999999912,41,515,1,522,0,1,1,1,162,64,0,1,9428,2348,-11568,-115,101,-114
6.239999999999911,30,525,1,525,1,0,0,0,162,44,0,0,9460,2348,-11568,-84,86,-96
6.249999999999911,65,487,1,533,0,1,0,1,162,72,1,1,9388,2328,-11580,-106,92,-93
6.259999999999911,81,406,1,526,0,1,1,1,163,82,1,0,9424,2408,-11480,-81,88,-92
6.269999999999911,54,214,1,385,0,1,0,1,163,64,0,1,9520,2384,-11568,-103,91,-122
6.2799999999999105,57,213,0,377,0,1,1,1,163,62,0,1,9368,2368,-11488,-98,85,-105
6.28999999999991,43,142,1,334,0,1,1,1,163,45,1,0,9368,2332,-11592,-87,90,-96
6.29999999999991,0,63,1,261,0,1,0,0,162,0,0,1,9424,2408,-11504,-80,92,-116
6.30999999999991,0,203,1,297,0,1,0,1,162,0,1,1,9488,2368,-11544,-72,90,-86
6.31999999999991,35,537,1,520,1,1,0,1,162,50,1,0,9444,2416,-11648,-85,107,-106
6.3299999999999095,33,523,0,521,0,0,0,1,162,51,1,0,9412,2300,-11572,-91,103,-87
6.339999999999909,47,507,1,529,0,1,1,1,162,67,1,0,9456,2380,-11564,-129,87,-109
6.349999999999909,49,504,0,522,0,0,1,1,163,67,1,1,9500,2324,-11572,-80,107,-90
6.359999999999909,71,460,1,535,0,1,1,2,162,77,1,0,9396,2280,-11656,-103,94,-97
6.369999999999909,63,344,1,490,0,1,1,1,163,85,1,0,9496,2396,-11652,-96,85,-118
6.379999999999908,57,256,1,416,0,1,1,2,162,71,1,0,9532,2316,-11656,-104,83,-95
6.389999999999908,52,184,1,364,0,1,1,1,162,57,1,0,9424,2416,-11464,-104,95,-97
6.399999999999908,31,119,1,315,0,1,1,1,162,36,1,0,9412,2476,-11644,-99,109,-88
6.409999999999908,0,80,1,273,0,1,0,1,162,10,1,1,9356,2364,-11468,-107,102,-111
6.419999999999908,0,107,1,263,0,0,1,1,162,0,1,0,9432,2364,-11600,-87,81,-109
6.429999999999907,0,186,0,287,1,1,0,0,163,0,1,1,9468,2328,-11516,-101,86,-111
6.439999999999907,0,360,1,400,0,1,0,0,163,0,0,1,9328,2328,-11680,-85,106,-102
6.449999999999907,29,525,1,518,0,1,0,0,163,39,0,1,9388,2272,-11736,-76,96,-104
6.459999999999907,41,518,1,529,0,1,1,1,163,63,1,0,9444,2320,-11592,-92,86,-97
6.4699999999999065,79,424,1,533,0,1,0,1,163,82,1,1,9416,2360,-11672,-90,114,-98
6.479999999999906,61,304,1,451,0,1,1,1,162,85,1,0,9464,2396,-11660,-86,84,-106
6.489999999999906,57,225,1,395,0,0,1,1,163,65,1,0,9444,2396,-11624,-110,89,-94
6.499999999999906,46,153,1,342,0,0,0,1,163,49,0,0,9472,2268,-11572,-103,86,-91
6.509999999999906,18,102,1,296,0,0,0,1,163,26,1,1,9432,2300,-11640,-85,118,-91
6.519999999999905,0,89,1,259,0,0,1,0,162,1,1,0,9368,2408,-11556,-79,113,-94
6.529999999999905,0,203,1,296,0,1,0,0,162,0,0,0,9420,2264,-11728,-104,99,-108
6.539999999999905,0,402,1,430,0,1,0,0,162,0,0,1,9332,2416,-11572,-101,82,-95
6.549999999999905,45,510,1,523,1,0,0,1,162,66,0,1,9404,2324,-11744,-74,113,-101
6.559999999999905,46,508,0,521,0,0,1,1,163,65,1,1,9396,2392,-11540,-81,101,-105
6.569999999999904,46,507,0,521,0,0,0,1,163,66,1,1,9420,2400,-11648,-100,103,-87
6.579999999999904,47,506,0,521,0,1,0,1,163,66,0,1,9344,2460,-11572,-72,104,-105
6.589999999999904,48,506,0,522,0,0,0,1,163,66,1,2,9368,2432,-11608,-77,86,-103
6.599999999999904,71,464,1,533,0,1,1,1,163,76,1,0,9372,2316,-11660,-103,81,-106
6.6099999999999035,72,459,0,527,0,1,1,1,163,77,1,0,9376,2408,-11636,-74,108,-100
6.619999999999903,72,455,0,528,0,1,1,1,163,78,1,0,9464,2328,-11592,-92,102,-109
6.629999999999903,72,451,0,529,0,0,0,1,163,78,1,1,9360,2384,-11620,-80,94,-96
6.639999999999903,57,252,1,415,0,1,0,1,163,70,0,1,9468,2436,-11464,-69,102,-99
6.649999999999903,51,181,1,362,0,0,1,1,163,56,1,0,9388,2364,-11552,-101,89,-99
6.659999999999902,29,117,1,313,0,1,1,1,163,35,1,0,9344,2388,-11592,-89,81,-96
6.669999999999902,0,82,1,263,0,1,0,0,163,0,0,1,9340,2436,-11608,-90,112,-90
6.679999999999902,0,245,0,307,0,0,0,0,163,0,1,1,9388,2376,-11764,-88,125,-96
6.689999999999902,28,525,0,509,1,0,0,0,162,38,1,1,9348,2344,-11500,-88,92,-92
6.699999999999902,60,497,1,532,0,1,0,1,162,71,1,1,9340,2416,-11620,-100,85,-105
6.709999999999901,61,495,0,524,0,0,1,1,163,71,1,1,9444,2352,-11540,-90,102,-100
6.719999999999901,62,493,0,525,0,0,1,1,162,70,1,1,9408,2296,-11652,-77,90,-89
6.729999999999901,60,302,1,448,0,1,0,1,163,83,0,1,9420,2344,-11496,-85,82,-113
6.739999999999901,56,224,1,393,0,1,1,1,163,66,1,0,9368,2392,-11552,-86,99,-97
6.7499999999999005,19,80,1,297,0,1,0,1,163,27,0,1,9336,2380,-11540,-99,104,-90
6.7599999999999,0,84,1,264,0,1,0,0,163,0,0,1,9340,2332,-11680,-91,104,-80
6.7699999999999,0,292,0,338,1,0,0,0,162,0,1,1,9500,2388,-11676,-96,98,-96
6.7799999999999,44,512,1,523,1,0,0,1,163,65,1,1,9296,2260,-11608,-86,80,-94
6.7899999999999,75,390,1,517,0,2,0,1,163,84,0,1,9480,2364,-11552,-100,87,-102
6.7999999999998995,76,383,0,507,0,1,1,1,163,83,0,1,9464,2336,-11532,-82,84,-103
6.809999999999899,60,278,1,431,0,1,0,1,162,77,1,0,9424,2280,-11488,-89,85,-82
6.819999999999899,39,130,1,329,0,1,0,1,163,43,0,1,9380,2280,-11628,-104,87,-96
6.829999999999899,6,90,1,285,0,1,1,1,163,18,1,0,9464,2380,-11640,-75,85,-90
6.839999999999899,0,162,0,279,0,1,0,0,163,0,1,1,9428,2304,-11612,-79,96,-108
6.849999999999898,0,441,0,443,1,0,0,0,163,0,1,1,9376,2348,-11548,-78,115,-107
6.859999999999898,37,523,1,529,0,1,0,0,162,55,0,1,9368,2320,-11700,-86,71,-73
6.869999999999898,71,455,1,535,0,1,0,1,163,78,0,1,9524,2312,-11624,-96,100,-96
6.879999999999898,61,338,1,485,0,1,1,1,163,84,1,0,9500,2436,-11544,-85,77,-100
6.8899999999998975,58,253,1,413,0,1,0,1,163,70,0,0,9420,2384,-11636,-88,111,-103
6.899999999999897,58,248,0,405,0,1,1,1,163,68,1,1,9352,2352,-11700,-84,102,-95
6.909999999999897,51,178,0,360,0,0,0,0,164,55,1,0,9384,2296,-11580,-73,81,-99
6.919999999999897,0,49,1,273,0,1,0,0,163,9,0,1,9364,2244,-11576,-89,104,-78
6.929999999999897,0,173,1,288,1,0,0,0,163,0,0,1,9404,2256,-11536,-76,95,-101
6.9399999999998965,0,478,0,470,0,0,0,0,163,0,0,1,9444,2492,-11512,-87,133,-85
6.949999999999896,61,499,0,525,1,0,0,1,163,72,1,1,9468,2328,-11536,-88,89,-103
6.959999999999896,80,427,1,533,0,1,1,2,163,83,1,0,9388,2352,-11512,-83,91,-89
6.969999999999896,57,229,1,396,0,1,0,1,163,67,0,1,9372,2236,-11564,-85,61,-93
6.979999999999896,21,84,1,300,0,1,0,1,163,29,0,1,9512,2284,-11640,-100,81,-114
6.989999999999895,0,75,1,261,0,1,1,1,163,4,1,0,9420,2348,-11560,-71,79,-107
6.999999999999895,0,197,0,293,1,0,0,0,163,0,1,1,9392,2380,-11636,-89,104,-107
7.009999999999895,0,392,1,424,0,1,0,0,162,0,0,1,9332,2348,-11540,-93,103,-103
7.019999999999895,32,526,2,526,0,1,0,1,163,47,0,1,9440,2280,-11556,-93,80,-100
7.0299999999998946,43,512,1,530,0,0,1,1,163,67,1,0,9476,2320,-11588,-91,95,-102
7.039999999999894,71,480,1,533,0,1,1,1,164,75,1,0,9496,2308,-11600,-90,96,-109
7.049999999999894,75,384,1,514,0,1,1,1,163,87,1,0,9380,2448,-11612,-91,93,-93
7.059999999999894,53,202,1,378,0,1,0,1,164,62,0,1,9488,2340,-11588,-102,74,-95
7.069999999999894,40,134,1,327,0,1,1,1,164,43,1,0,9440,2348,-11660,-91,119,-93
7.0799999999998935,5,92,2,285,0,1,1,0,163,18,0,0,9460,2288,-11584,-100,90,-88
7.089999999999893,0,132,0,265,1,0,0,1,163,0,1,1,9356,2300,-11640,-87,93,-102
7.099999999999893,0,334,1,367,0,0,0,0,163,0,0,1,9444,2332,-11544,-93,117,-107
7.109999999999893,15,505,1,506,0,1,0,0,164,27,0,1,9412,2312,-11624,-86,80,-108
7.119999999999893,35,522,1,528,0,0,1,0,163,56,1,0,9508,2304,-11524,-97,100,-100
7.129999999999892,36,520,0,522,0,0,0,1,163,58,1,0,9392,2352,-11508,-80,90,-82
7.139999999999892,73,447,1,535,0,1,0,1,163,80,0,1,9468,2348,-11544,-102,77,-80
7.149999999999892,61,325,1,476,0,0,1,2,163,85,1,0,9452,2260,-11700,-98,110,-103
7.159999999999892,61,321,0,464,0,1,1,1,163,85,1,1,9368,2340,-11568,-90,93,-100
7.169999999999892,57,243,1,407,0,0,1,1,163,69,1,0,9372,2392,-11620,-107,88,-81
7.179999999999891,51,171,1,356,0,1,1,1,163,54,1,0,9456,2336,-11488,-67,95,-72
7.189999999999891,0,48,1,267,0,1,0,1,163,7,0,1,9388,2344,-11560,-83,85,-102
7.199999999999891,0,179,0,295,1,0,0,0,163,0,1,0,9516,2388,-11652,-90,72,-111
7.209999999999891,0,485,1,480,1,0,0,0,163,0,0,1,9468,2256,-11464,-92,102,-105
7.2199999999998905,40,515,1,530,0,2,0,1,163,61,0,1,9424,2436,-11720,-109,94,-101
7.22999999999989,41,513,0,521,0,1,0,1,162,62,1,1,9300,2292,-11508,-97,107,-79
7.23999999999989,63,490,1,532,0,1,0,1,163,69,1,0,9480,2404,-11552,-87,108,-107
7.24999999999989,65,486,0,525,0,0,0,1,163,70,1,1,9420,2420,-11512,-106,88,-104
7.25999999999989,66,483,0,526,0,0,1,1,163,70,1,0,9404,2356,-11548,-86,104,-115
7.269999999999889,67,481,1,526,0,1,1,1,163,70,1,0,9424,2408,-11492,-94,100,-103
7.279999999999889,70,480,0,526,0,0,1,1,163,71,1,0,9376,2348,-11688,-88,126,-91
7.289999999999889,76,390,1,517,0,1,0,1,163,82,1,0,9508,2364,-11708,-91,97,-109
7.299999999999889,60,280,1,433,0,1,1,1,163,78,1,0,9420,2352,-11760,-93,79,-100
7.309999999999889,53,204,1,378,0,1,1,1,163,61,1,0,9336,2348,-11532,-78,90,-102
7.319999999999888,41,135,1,328,0,1,0,1,162,43,0,0,9412,2344,-11636,-88,81,-105
7.329999999999888,7,93,1,285,0,0,0,1,162,18,1,0,9396,2460,-11660,-71,106,-106
7.339999999999888,0,108,1,265,0,1,0,0,162,0,0,1,9352,2388,-11612,-108,101,-92
7.349999999999888,0,170,1,288,0,1,0,0,162,0,0,1,9492,2404,-11632,-93,82,-93
7.3599999999998875,15,534,0,498,1,1,0,1,162,26,0,0,9316,2360,-11600,-104,82,-95
7.369999999999887,36,523,1,527,0,1,1,1,163,57,1,0,9388,2340,-11580,-58,108,-105
7.379999999999887,36,520,0,521,0,0,0,1,163,58,1,0,9436,2376,-11596,-83,93,-93
7.389999999999887,72,448,1,535,0,1,0,2,163,79,0,1,9300,2336,-11568,-93,96,-101
7.399999999999887,61,326,2,478,0,1,1,2,162,85,1,0,9372,2348,-11816,-90,88,-101
7.4099999999998865,57,246,1,410,0,0,0,1,163,70,1,0,9440,2424,-11608,-87,107,-99
7.419999999999886,51,175,1,359,0,1,0,1,163,55,1,0,9424,2348,-11596,-98,104,-81
7.429999999999886,27,113,1,310,0,0,1,0,162,34,1,0,9376,2332,-11560,-85,111,-86
7.439999999999886,0,78,1,268,0,1,1,1,163,8,1,0,9352,2448,-11548,-76,107,-103
7.449999999999886,0,147,0,278,1,0,0,0,162,0,0,1,9384,2292,-11720,-113,103,-97
7.459999999999885,0,257,1,325,0,1,0,0,162,0,1,1,9404,2408,-11704,-92,103,-107
7.469999999999885,0,468,1,485,0,1,0,0,162,0,0,1,9476,2460,-11588,-91,99,-86
7.479999999999885,81,420,1,529,1,1,0,1,163,83,1,1,9468,2376,-11668,-86,89,-102
7.489999999999885,63,301,1,449,0,1,1,1,163,84,1,0,9512,2424,-11560,-97,103,-99
7.4999999999998845,55,222,1,393,0,1,1,1,162,66,1,0,9476,2332,-11520,-80,106,-106
7.509999999999884,54,219,0,382,0,1,1,1,162,66,0,2,9396,2360,-11508,-64,95,-85
7.519999999999884,17,77,1,294,0,1,0,1,162,25,0,1,9528,2408,-11692,-79,86,-114
7.529999999999884,0,86,1,265,0,1,0,0,162,0,0,1,9420,2420,-11620,-74,77,-86
7.539999999999884,0,425,0,422,1,0,0,0,162,0,0,0,9344,2196,-11608,-94,91,-72
7.5499999999998835,69,479,1,531,0,1,0,1,162,75,1,1,9508,2348,-11632,-98,105,-92
7.559999999999883,75,383,1,513,0,1,1,1,161,86,1,0,9500,2444,-11624,-93,98,-111
7.569999999999883,59,276,1,430,0,1,0,1,162,78,1,0,9328,2352,-11456,-76,86,-105
7.579999999999883,54,201,1,376,0,1,0,1,161,61,1,0,9348,2364,-11656,-82,74,-81
7.589999999999883,6,64,1,285,0,1,0,1,162,19,0,2,9512,2364,-11516,-93,113,-92
7.599999999999882,0,117,0,264,1,1,0,0,162,0,1,0,9440,2300,-11604,-78,79,-91
7.609999999999882,0,449,0,444,1,1,0,0,161,0,1,0,9472,2340,-11704,-80,88,-98
7.619999999999882,71,461,1,531,1,0,0,2,162,77,0,0,9440,2304,-11480,-94,85,-95
7.629999999999882,57,258,1,419,0,1,0,1,162,71,0,1,9480,2360,-11548,-97,116,-84
7.6399999999998816,53,187,1,366,0,1,1,1,162,59,1,0,9412,2368,-11692,-83,81,-93
7.649999999999881,0,54,1,277,0,1,0,1,162,13,0,1,9336,2360,-11740,-81,101,-99
7.659999999999881,0,128,0,268,1,1,0,1,162,0,1,1,9360,2312,-11628,-96,89,-109
7.669999999999881,0,354,0,382,0,1,0,0,162,0,0,0,9452,2348,-11808,-82,74,-77
7.679999999999881,58,501,0,524,1,1,0,0,162,70,0,1,9488,2416,-11596,-89,96,-89
7.6899999999998805,60,319,1,467,0,1,0,1,162,86,0,1,9460,2316,-11588,-93,102,-107
7.69999999999988,62,316,0,456,0,1,1,1,162,84,1,1,9372,2352,-11716,-95,88,-111
7.70999999999988,56,238,1,402,0,0,1,1,162,68,1,0,9356,2280,-11480,-82,94,-85
7.71999999999988,24,91,1,304,0,1,0,1,162,32,0,1,9472,2260,-11560,-98,101,-108
7.72999999999988,0,72,1,265,0,1,1,1,162,6,1,0,9276,2312,-11608,-85,102,-87
7.739999999999879,0,189,0,291,1,1,0,0,162,0,0,1,9344,2388,-11612,-91,93,-74
7.749999999999879,30,545,0,516,1,0,0,1,161,42,0,0,9452,2332,-11724,-93,86,-77
7.759999999999879,65,491,1,534,0,1,0,1,161,73,0,1,9368,2296,-11536,-94,103,-101
7.769999999999879,66,488,0,526,0,0,1,1,161,73,1,1,9472,2260,-11736,-81,87,-91
7.779999999999879,63,294,1,442,0,1,0,1,162,83,0,1,9388,2280,-11540,-105,111,-97
7.789999999999878,61,290,0,434,0,1,1,1,162,82,1,1,9392,2392,-11528,-88,98,-100
7.799999999999878,56,214,1,387,0,0,0,1,161,64,1,0,9420,2392,-11436,-94,95,-98
7.809999999999878,15,73,1,290,0,1,0,1,162,24,0,1,9472,2240,-11692,-99,110,-106
7.819999999999878,0,80,1,261,0,0,1,0,162,0,1,0,9368,2320,-11640,-83,82,-88
7.8299999999998775,0,313,0,351,2,0,0,0,162,0,0,0,9524,2260,-11592,-85,115,-80
7.839999999999877,33,524,0,522,0,0,0,0,161,48,0,1,9484,2452,-11652,-92,63,-95
7.849999999999877,72,472,1,533,0,1,0,2,162,74,0,1,9464,2376,-11624,-113,92,-92
7.859999999999877,71,368,1,504,0,1,1,1,161,84,1,0,9444,2296,-11544,-89,101,-96
7.869999999999877,58,268,1,425,0,1,1,1,162,73,1,0,9472,2320,-11592,-84,94,-87
7.879999999999876,37,121,1,323,0,2,0,1,162,41,0,1,9460,2440,-11528,-83,82,-114
7.889999999999876,0,84,1,282,0,1,0,1,161,15,1,0,9472,2276,-11548,-100,118,-88
7.899999999999876,0,110,1,266,0,1,0,0,162,0,0,1,9428,2300,-11652,-89,108,-97
7.909999999999876,0,219,0,302,1,0,0,0,162,0,1,1,9452,2364,-11628,-86,87,-101
7.919999999999876,21,519,1,508,1,0,0,0,161,29,0,1,9500,2404,-11508,-109,117,-94
7.929999999999875,23,514,0,503,0,0,0,1,161,31,1,0,9416,2368,-11440,-97,94,-84
7.939999999999875,56,501,1,530,0,1,0,1,162,68,0,1,9396,2288,-11628,-77,91,-109
7.949999999999875,77,442,1,534,0,1,1,1,162,79,1,1,9512,2336,-11616,-87,87,-100
7.959999999999875,63,321,1,467,0,0,1,1,162,84,1,0,9524,2344,-11532,-95,101,-78
7.9699999999998745,58,242,1,405,0,1,1,1,162,68,0,0,9420,2368,-11560,-66,105,-97
7.979999999999874,51,169,1,353,0,0,0,1,162,53,1,0,9444,2420,-11536,-96,110,-96
7.989999999999874,26,108,1,303,0,1,1,0,162,31,1,0,9400,2352,-11572,-82,96,-103
7.999999999999874,0,80,1,261,0,0,1,1,162,7,1,0,9432,2324,-11652,-85,107,-84
8.009999999999874,0,186,1,287,1,0,0,0,162,0,0,0,9504,2360,-11648,-92,108,-99
8.019999999999873,0,494,1,490,1,1,0,0,162,0,0,1,9376,2356,-11464,-98,99,-110
8.029999999999873,61,496,1,526,0,1,0,1,162,71,1,1,9348,2352,-11500,-86,89,-82
8.039999999999873,61,300,1,444,0,1,0,1,162,83,1,1,9460,2476,-11800,-91,96,-126
8.049999999999873,55,222,1,388,0,0,1,1,162,66,1,1,9396,2404,-11564,-100,110,-86
8.059999999999873,56,218,0,380,0,1,0,0,162,65,0,1,9476,2324,-11392,-107,89,-97
8.069999999999872,45,147,1,336,0,1,1,1,162,47,1,0,9344,2296,-11732,-89,78,-86
8.079999999999872,0,59,1,257,0,2,0,0,162,1,0,1,9404,2316,-11616,-72,102,-70
8.089999999999872,0,196,0,292,0,1,0,0,161,0,1,1,9388,2380,-11620,-90,112,-102
8.099999999999872,0,406,1,434,0,1,0,0,162,0,0,1,9484,2376,-11644,-78,124,-89
8.109999999999872,47,514,1,523,1,0,0,1,161,66,1,1,9460,2288,-11696,-70,123,-76
8.119999999999871,70,472,1,533,0,0,1,1,161,74,1,0,9404,2420,-11740,-73,111,-91
8.129999999999871,69,365,1,505,0,1,0,1,161,83,1,0,9416,2280,-11652,-89,103,-96
8.139999999999871,58,267,1,426,0,1,1,1,161,73,1,0,9384,2324,-11528,-83,63,-94
8.14999999999987,38,122,1,324,0,1,0,1,162,41,0,1,9468,2336,-11688,-102,103,-103
8.15999999999987,54,220,0,363,1,1,0,1,162,58,1,1,9348,2308,-11608,-104,100,-94
8.16999999999987,53,208,0,361,0,0,1,1,162,58,0,1,9348,2228,-11528,-95,97,-92
8.17999999999987,0,65,1,280,0,1,0,1,162,14,1,1,9412,2376,-11556,-87,90,-96
8.18999999999987,0,166,1,284,0,1,0,0,162,0,1,0,9440,2332,-11504,-81,101,-97
8.19999999999987,0,456,0,464,1,1,0,0,161,0,0,0,9324,2316,-11768,-76,90,-101
8.20999999999987,57,499,1,528,1,1,0,1,162,68,0,1,9544,2444,-11736,-80,101,-101
8.21999999999987,57,495,0,522,0,1,0,1,162,69,1,1,9476,2500,-11588,-97,105,-104
8.229999999999869,59,499,0,523,0,1,0,0,162,69,0,1,9020,2048,-11128,-267,166,-235
8.239999999999869,39,521,1,529,1,1,0,1,161,62,0,1,9164,1988,-11012,-244,-39,-105
8.249999999999869,28,529,0,509,2,1,0,1,162,39,0,0,9588,2584,-11972,-19,169,-100
8.259999999999868,29,529,0,512,0,0,1,0,161,40,1,0,9316,2620,-11572,-161,51,-102
8.269999999999868,30,530,0,513,0,0,0,1,161,41,1,0,9272,2132,-11468,-120,103,-114
8.279999999999868,0,475,0,479,1,0,0,0,161,0,0,0,9356,2376,-11628,-69,103,-104
8.289999999999868,41,519,1,529,0,1,0,1,161,64,0,2,9480,2648,-11688,-108,88,-90
8.299999999999867,65,496,1,531,0,1,1,1,162,73,1,0,9476,2332,-11580,-110,103,-115
8.309999999999867,41,518,1,529,1,1,0,1,162,64,1,1,9340,2032,-11532,-71,91,-82
8.319999999999867,79,412,1,527,0,1,0,1,162,83,0,1,9500,2476,-11600,-78,110,-103
8.329999999999867,78,406,0,518,0,0,1,1,162,84,1,0,9524,2444,-11560,-105,112,-107
8.339999999999867,67,487,1,531,1,1,0,1,162,74,1,0,9324,2148,-11416,-106,86,-86
8.349999999999866,77,398,1,521,0,0,1,2,162,84,1,0,9376,2220,-11532,-71,96,-108
8.359999999999866,61,286,1,435,0,1,1,1,162,80,1,0,9496,2568,-11684,-79,109,-94
8.369999999999866,55,210,1,378,0,1,0,1,162,63,1,0,9392,2300,-11652,-91,98,-100
8.379999999999866,42,138,1,329,0,0,0,0,161,45,1,0,9288,2152,-11464,-81,117,-102
8.389999999999866,42,159,0,320,0,1,1,0,162,45,0,1,9492,2508,-11580,-59,89,-76
8.399999999999865,0,78,1,258,0,1,0,0,162,0,0,2,9476,2484,-11596,-114,102,-100
8.409999999999865,0,129,1,269,0,1,0,1,162,0,0,1,9344,2188,-11516,-113,105,-103
8.419999999999865,0,164,1,284,0,0,0,0,162,0,1,0,9404,2252,-11564,-66,94,-87
8.429999999999865,13,534,1,498,1,1,0,0,162,24,1,0,9400,2460,-11680,-95,103,-81
8.439999999999864,35,529,1,527,0,0,0,0,162,56,1,0,9496,2224,-11620,-107,98,-114
8.449999999999864,36,526,0,521,0,0,0,1,162,57,1,0,9376,2336,-11520,-81,98,-94
8.459999999999864,72,456,1,534,0,1,0,1,161,79,1,1,9408,2504,-11668,-87,111,-103
8.469999999999864,76,453,0,528,0,1,1,1,162,78,1,0,9400,2404,-11540,-82,66,-89
8.479999999999864,58,253,1,412,0,2,0,0,162,70,1,1,9388,2212,-11532,-103,96,-83
8.489999999999863,53,182,1,358,0,0,1,1,162,56,1,0,9404,2432,-11584,-73,102,-85
8.499999999999863,29,116,1,310,0,1,1,0,162,36,1,0,9480,2440,-11688,-108,97,-108
8.509999999999863,28,141,0,300,0,1,1,1,162,35,1,0,9436,2340,-11536,-87,86,-93
8.519999999999863,0,96,1,259,0,1,0,0,162,0,0,1,9392,2272,-11460,-83,99,-97
8.529999999999863,0,380,1,398,0,1,0,0,162,0,0,0,9368,2404,-11580,-86,106,-105
8.539999999999862,28,531,1,518,0,1,0,1,162,38,0,1,9464,2368,-11472,-118,91,-96
8.549999999999862,40,524,1,529,0,0,1,1,162,62,1,0,9336,2200,-11528,-104,99,-104
8.559999999999862,39,521,0,522,0,0,1,1,162,63,1,1,9532,2356,-11652,-79,108,-103
8.569999999999862,41,521,0,522,0,1,1,1,162,64,1,0,9368,2452,-11688,-109,87,-88
8.579999999999862,63,498,1,531,0,1,1,2,162,71,0,0,9428,2320,-11592,-96,112,-100
8.589999999999861,63,493,0,524,0,0,1,1,162,72,1,1,9428,2428,-11660,-82,116,-111
8.599999999999861,63,491,0,524,0,0,0,0,162,72,1,1,9420,2388,-11576,-98,91,-100
8.60999999999986,79,412,1,526,0,1,1,1,163,83,1,0,9456,2396,-11564,-96,115,-86
8.61999999999986,61,295,1,440,0,0,1,1,163,82,1,0,9412,2260,-11664,-72,105,-104
8.62999999999986,61,290,0,431,0,1,1,1,162,81,1,0,9372,2332,-11648,-90,85,-106
8.63999999999986,55,215,1,384,0,1,1,1,162,64,1,0,9440,2516,-11568,-91,106,-83
8.64999999999986,44,144,1,333,0,1,1,1,162,46,1,0,9448,2304,-11512,-101,103,-106
8.65999999999986,56,234,1,379,1,1,0,1,163,63,1,1,9424,2352,-11700,-75,86,-91
8.66999999999986,11,80,1,285,0,1,0,1,163,22,0,1,9476,2332,-11584,-103,103,-120
8.67999999999986,10,115,0,276,0,1,0,0,163,20,1,0,9380,2324,-11628,-96,94,-93
8.68999999999986,0,107,1,262,0,1,0,0,163,0,0,1,9444,2180,-11468,-80,88,-79
8.699999999999859,0,326,0,357,1,0,0,0,163,0,1,0,9436,2380,-11664,-82,87,-111
8.709999999999859,35,531,1,521,1,0,0,1,163,51,0,1,9412,2408,-11612,-104,123,-99
8.719999999999859,36,528,0,521,0,1,0,1,163,53,1,0,9420,2280,-11488,-113,89,-102
8.729999999999858,35,528,0,522,0,0,1,1,163,55,1,0,9484,2368,-11496,-106,95,-105
8.739999999999858,35,527,0,522,0,1,1,1,163,56,1,0,9476,2424,-11536,-101,85,-108
8.749999999999858,37,527,0,522,0,0,1,1,163,57,1,0,9456,2168,-11660,-94,118,-91
8.759999999999858,55,511,1,529,0,1,0,1,163,68,1,0,9416,2392,-11552,-105,79,-90
8.769999999999857,77,456,1,535,0,1,1,1,164,78,1,0,9452,2368,-11720,-93,96,-109
8.779999999999857,63,332,1,477,0,1,0,1,163,85,1,1,9444,2324,-11588,-79,110,-97
8.789999999999857,57,251,2,409,0,1,1,1,163,69,1,0,9464,2272,-11520,-76,93,-79
8.799999999999857,28,102,1,310,0,1,0,1,163,35,0,1,9444,2368,-11668,-110,93,-101
8.809999999999857,28,137,0,302,0,1,1,1,163,35,1,0,9356,2448,-11604,-106,89,-106
8.819999999999856,28,153,0,301,0,1,1,1,163,33,1,0,9456,2296,-11624,-90,97,-94
8.829999999999856,0,106,1,264,0,1,0,1,163,0,0,1,9384,2256,-11568,-92,93,-98
8.839999999999856,0,259,0,311,1,1,0,0,163,0,0,1,9504,2408,-11648,-86,102,-98
8.849999999999856,30,527,1,512,1,1,0,1,163,40,0,1,9448,2300,-11404,-103,88,-89
8.859999999999856,41,518,1,528,0,0,1,1,162,62,1,1,9236,2256,-11348,-84,-12,-81
8.869999999999855,62,496,1,531,0,1,1,1,163,70,1,0,9460,2364,-11748,-60,104,-88
8.879999999999855,80,422,1,532,0,1,1,2,164,82,1,0,9488,2352,-11620,-77,140,-100
8.889999999999855,80,415,1,523,0,1,1,1,163,82,0,1,9256,2292,-11564,-127,-73,-136
8.899999999999855,64,485,1,529,1,1,0,1,163,71,1,1,9396,2260,-11460,-69,148,-98
8.909999999999854,78,411,1,528,0,1,1,1,162,83,1,0,9348,2472,-11548,-97,115,-107
8.919999999999854,78,404,0,518,0,1,0,1,163,82,1,1,9396,2340,-11640,-109,117,-100
8.929999999999854,67,477,1,531,1,1,0,1,161,72,1,1,10096,2208,-11572,-160,-685,-161
8.939999999999854,0,471,1,496,0,1,0,1,161,7,0,1,9484,2068,-11552,-121,678,-172
8.949999999999854,32,519,1,526,0,1,0,0,162,45,1,0,9376,2264,-11320,-121,122,-150
8.959999999999853,1,476,0,491,1,0,0,1,163,10,1,1,9496,2348,-11732,-110,0,-81
8.969999999999853,69,472,0,530,1,1,0,1,163,72,0,1,9444,2208,-11592,-51,139,-94
8.979999999999853,74,379,1,512,0,1,1,1,163,83,1,0,9348,2340,-11540,-99,74,-98
8.989999999999853,54,202,1,379,0,1,0,1,163,61,0,1,9496,2304,-11652,-106,99,-105
8.999999999999853,53,202,0,370,0,0,1,1,163,61,1,1,9420,2440,-11816,-81,95,-81
9.009999999999852,8,65,1,286,0,1,0,1,163,19,1,1,9384,2340,-11628,-101,101,-94
9.019999999999852,0,89,1,265,0,1,0,1,163,0,0,1,9464,2320,-11620,-81,74,-80
9.029999999999852,0,442,1,445,0,1,0,0,163,0,0,0,9484,2328,-11488,-110,84,-83
9.039999999999852,48,499,0,523,1,0,0,1,162,66,0,1,9356,2268,-11648,-91,105,-100
9.049999999999851,49,498,0,522,0,0,0,1,163,66,1,1,9332,2364,-11636,-91,90,-86
9.059999999999851,63,347,1,493,0,1,0,1,163,83,0,1,9452,2428,-11596,-80,94,-85
9.069999999999851,53,188,1,369,0,2,0,1,163,57,1,1,9396,2368,-11616,-101,109,-77
9.07999999999985,53,192,0,359,0,1,0,1,163,57,0,1,9396,2392,-11672,-96,92,-84
9.08999999999985,0,56,1,278,0,1,0,0,163,14,1,1,9332,2308,-11596,-68,75,-114
9.09999999999985,0,120,1,274,1,0,0,0,163,0,1,1,9440,2316,-11648,-91,92,-78
9.10999999999985,0,460,0,454,1,0,0,0,162,0,0,1,9384,2448,-11660,-93,96,-94
9.11999999999985,73,444,1,534,1,1,0,1,163,78,1,1,9424,2344,-11444,-100,106,-116
9.12999999999985,56,496,0,528,1,1,0,1,163,68,1,0,9360,2340,-11556,-100,73,-96
9.13999999999985,75,438,1,534,0,0,0,1,163,77,1,0,9432,2296,-11656,-69,105,-84
9.14999999999985,62,320,1,469,0,1,1,1,163,83,1,0,9508,2272,-11700,-94,97,-98
9.15999999999985,50,172,1,357,0,1,0,0,163,54,1,1,9500,2428,-11500,-92,78,-93
9.169999999999849,0,47,1,271,0,1,0,1,163,9,0,1,9404,2292,-11628,-85,103,-90
9.179999999999849,0,170,1,286,0,1,0,0,163,0,0,0,9448,2224,-11604,-88,108,-98
9.189999999999849,0,470,0,469,1,0,0,0,163,0,0,0,9372,2348,-11596,-85,80,-108
9.199999999999848,61,492,1,526,1,0,0,1,162,69,0,1,9476,2340,-11508,-109,93,-111
9.209999999999848,59,489,0,523,0,0,1,1,163,69,1,1,9480,2372,-11564,-96,81,-102
9.219999999999848,80,423,1,534,0,1,1,1,163,80,1,0,9432,2380,-11476,-74,120,-106
9.229999999999848,78,419,0,526,0,1,0,1,163,80,1,1,9464,2352,-11480,-95,92,-95
9.239999999999847,56,227,0,396,0,1,0,1,163,66,0,1,9388,2324,-11628,-78,99,-103
9.249999999999847,47,158,1,347,0,1,1,1,163,50,1,0,9420,2392,-11644,-113,114,-102
9.259999999999847,55,241,1,394,1,1,0,1,163,65,1,1,9452,2432,-11644,-80,107,-117
9.269999999999847,57,224,0,386,0,0,0,1,163,65,0,1,9392,2344,-11604,-92,82,-89
9.279999999999847,20,80,1,297,0,1,0,1,163,28,0,1,9420,2316,-11692,-105,108,-89
9.289999999999846,0,73,1,258,0,1,1,1,162,3,1,0,9396,2276,-11600,-65,92,-116
9.299999999999846,0,195,0,294,1,1,0,0,163,0,0,0,9412,2392,-11576,-83,98,-79
9.309999999999846,31,539,0,518,1,1,0,1,163,43,1,1,9376,2288,-11668,-89,105,-86
9.319999999999846,43,507,1,528,0,0,0,1,162,64,1,0,9432,2300,-11696,-86,105,-108
9.329999999999846,44,505,0,521,0,1,0,0,162,63,1,1,9448,2348,-11672,-92,107,-100
9.339999999999845,43,504,0,522,0,0,1,1,163,64,0,1,9388,2308,-11568,-82,91,-89
9.349999999999845,76,389,1,518,0,1,0,1,163,83,0,1,9548,2288,-11636,-113,83,-104
9.359999999999845,74,384,0,509,0,1,1,1,162,83,1,0,9420,2352,-11772,-101,97,-91
9.369999999999845,59,281,1,435,0,1,1,1,162,77,1,0,9436,2408,-11516,-87,85,-106
9.379999999999844,53,206,1,381,0,1,1,1,162,61,1,0,9428,2300,-11660,-88,85,-95
9.389999999999844,11,68,1,287,0,1,0,0,162,21,1,1,9432,2312,-11488,-97,84,-94
9.399999999999844,0,108,1,270,1,0,0,0,163,0,0,1,9340,2304,-11552,-91,110,-94
9.409999999999844,0,303,1,359,1,0,0,0,162,0,1,1,9372,2220,-11556,-105,99,-91
9.419999999999844,34,517,1,528,2,1,0,1,163,48,1,1,9360,2396,-11536,-97,119,-94
9.429999999999843,47,502,1,528,0,1,1,1,163,65,1,0,9408,2392,-11600,-90,113,-111
9.439999999999843,47,500,0,522,0,1,0,1,162,65,1,1,9504,2436,-11584,-104,103,-93
9.449999999999843,52,501,0,522,0,1,0,1,162,66,0,1,9548,2368,-11708,-87,101,-100
9.459999999999843,50,499,0,522,0,0,1,1,163,66,1,1,9392,2356,-11448,-80,92,-123
9.469999999999843,70,459,1,534,0,1,0,2,162,74,1,0,9396,2284,-11496,-93,89,-104
9.479999999999842,64,351,1,496,0,1,0,1,163,82,1,0,9388,2324,-11484,-86,96,-97
9.489999999999842,52,190,1,370,0,1,0,1,162,58,0,1,9452,2312,-11656,-69,94,-109
9.499999999999842,36,125,1,321,0,1,1,1,163,40,1,0,9408,2336,-11840,-83,117,-92
9.509999999999842,0,85,0,280,0,0,0,1,162,15,1,0,9476,2376,-11580,-91,80,-86
9.519999999999841,0,167,0,281,1,1,0,0,163,0,1,0,9416,2312,-11700,-87,105,-77
9.529999999999841,0,443,0,458,1,0,0,0,163,0,0,1,9388,2272,-11500,-94,107,-99
9.539999999999841,52,498,0,527,1,1,0,1,162,67,1,1,9340,2200,-11624,-72,94,-106
9.54999999999984,71,446,1,534,0,1,0,1,162,77,1,0,9428,2340,-11632,-95,100,-109
9.55999999999984,72,443,1,528,0,2,1,1,163,78,1,0,9356,2320,-11624,-76,89,-86
9.56999999999984,56,249,1,413,0,1,0,1,162,69,0,1,9400,2408,-11612,-98,111,-105
9.57999999999984,58,247,0,405,0,1,1,1,163,69,0,1,9344,2384,-11480,-100,90,-96
9.58999999999984,52,179,1,362,0,0,1,1,162,55,1,0,9384,2272,-11588,-96,92,-89
9.59999999999984,0,48,1,274,0,2,0,1,162,11,0,1,9384,2332,-11568,-76,95,-94
9.60999999999984,0,161,0,285,1,0,0,0,163,0,1,0,9460,2356,-11604,-78,84,-82
9.61999999999984,24,530,1,503,0,0,0,1,162,34,1,1,9428,2368,-11612,-89,104,-102
9.62999999999984,26,513,0,505,0,0,0,0,162,35,1,0,9412,2388,-11632,-90,98,-110
9.639999999999839,40,512,1,528,0,1,1,1,163,60,1,0,9472,2356,-11616,-106,111,-82
9.649999999999839,37,510,0,520,0,0,1,0,163,61,1,1,9380,2420,-11576,-104,69,-100
9.659999999999838,38,510,0,520,0,1,1,1,163,61,0,0,9408,2328,-11660,-97,101,-106
9.669999999999838,37,509,0,521,0,1,0,1,163,61,1,0,9404,2376,-11612,-112,95,-107
9.679999999999838,38,509,0,521,0,1,0,1,163,62,0,0,9444,2460,-11500,-103,89,-90
9.689999999999838,59,492,1,529,0,1,1,1,163,69,0,0,9464,2300,-11720,-80,89,-101
9.699999999999838,77,426,1,534,0,1,0,1,163,80,1,0,9428,2296,-11632,-89,85,-87
9.709999999999837,55,232,1,400,0,1,0,1,163,67,0,1,9380,2328,-11680,-94,89,-91
9.719999999999837,25,90,1,306,0,1,0,1,164,31,1,1,9316,2324,-11576,-104,95,-106
9.729999999999837,0,70,1,266,0,0,0,0,163,6,1,0,9444,2340,-11556,-106,98,-93
9.739999999999837,0,186,0,288,1,1,0,0,163,0,0,1,9500,2424,-11724,-100,88,-105
9.749999999999837,0,364,1,407,0,1,0,0,163,0,1,1,9388,2324,-11512,-93,113,-88
9.759999999999836,39,509,1,528,1,0,0,1,163,63,0,1,9412,2352,-11628,-92,92,-93
9.769999999999836,78,416,1,532,0,1,0,1,163,81,0,1,9440,2428,-11572,-75,98,-99
9.779999999999836,55,225,1,395,0,1,0,1,163,66,0,1,9416,2336,-11560,-103,97,-96
9.789999999999836,47,157,1,345,1,1,1,1,162,51,1,0,9396,2368,-11704,-80,100,-96
9.799999999999836,21,103,1,298,0,0,1,1,163,28,1,0,9412,2328,-11512,-90,96,-107
9.809999999999835,0,82,1,261,0,1,1,0,163,4,1,0,9352,2228,-11628,-82,117,-98
9.819999999999835,0,194,1,290,1,0,0,0,162,0,0,1,9420,2300,-11628,-84,254,-100
9.829999999999835,0,378,1,416,0,1,0,0,162,0,0,1,9336,2352,-11544,-108,153,-131
9.839999999999835,0,473,1,494,0,0,0,0,162,2,0,0,9440,2396,-11608,-106,58,-93
9.849999999999834,64,488,0,527,1,0,1,1,163,72,1,1,9476,2312,-11588,-90,104,-88
9.859999999999834,79,408,1,525,0,1,0,2,163,82,1,0,9360,2284,-11624,-80,127,-103
9.869999999999834,79,405,0,517,0,1,0,1,163,82,1,1,9356,2272,-11512,-79,71,-101
9.879999999999834,60,294,1,442,0,1,0,1,163,82,1,1,9480,2220,-11552,-67,114,-126
9.889999999999834,61,293,0,433,0,1,0,1,163,81,1,1,9384,2412,-11548,-93,87,-84
9.899999999999833,46,148,1,337,0,1,0,0,163,48,0,1,9432,2380,-11504,-88,96,-96
9.909999999999833,0,60,1,259,0,2,0,1,162,2,0,1,9368,2276,-11640,-84,94,-109
9.919999999999833,0,194,1,293,0,0,0,0,163,0,1,0,9412,2364,-11532,-80,104,-100
9.929999999999833,0,391,1,427,0,1,0,1,162,0,0,1,9480,2360,-11700,-89,113,-122
9.939999999999833,32,522,1,527,0,1,0,1,162,44,0,1,9376,2264,-11496,-88,97,-114
9.949999999999832,45,509,1,528,0,1,1,1,162,65,1,0,9428,2400,-11648,-97,81,-99
9.959999999999832,75,390,2,518,0,1,0,2,163,84,1,1,9512,2312,-11500,-91,78,-94
9.969999999999832,55,209,1,384,0,1,0,1,163,63,0,1,9448,2336,-11552,-102,120,-104
9.979999999999832,60,286,1,438,1,1,0,1,163,79,0,2,9364,2292,-11680,-85,100,-98
9.989999999999831,54,210,1,384,0,1,1,1,163,62,1,0,9360,2348,-11460,-79,86,-92
9.999999999999831,13,73,1,290,0,1,0,1,163,22,0,2,9336,2384,-11548,-84,79,-96
10.009999999999831,0,107,0,261,1,1,0,0,163,0,1,1,9284,2232,-11644,-86,130,-95
10.01999999999983,0,301,1,352,1,0,0,0,162,0,0,1,9128,2252,-11236,-212,54,-200
10.02999999999983,4,492,1,498,0,1,0,0,163,13,0,1,9372,2328,-11320,-140,-40,-71
10.03999999999983,37,532,1,528,0,0,0,0,163,48,1,0,9540,2464,-11636,-98,89,-108
10.04999999999983,46,514,1,529,0,1,0,1,163,66,1,0,9320,2268,-11448,-119,72,-103
10.05999999999983,46,513,0,522,0,0,1,1,162,66,0,1,9504,2268,-11468,-105,94,-107
10.06999999999983,45,513,0,523,0,1,1,1,163,65,1,1,9376,2400,-11528,-67,102,-111
10.07999999999983,47,513,0,523,0,0,1,1,163,66,1,1,9428,2424,-11484,-108,106,-97
10.08999999999983,49,513,0,522,0,1,1,1,163,66,1,1,9408,2172,-11672,-104,116,-84
10.09999999999983,46,513,1,522,0,0,1,1,163,67,0,1,9500,2380,-11516,-81,102,-95
10.109999999999829,71,478,1,533,0,1,1,1,163,76,1,0,9432,2368,-11768,-108,94,-93
10.119999999999829,72,373,1,505,0,0,1,1,163,84,1,1,9460,2308,-11596,-91,123,-83
10.129999999999828,59,274,1,427,0,0,1,2,164,75,1,1,9380,2332,-11588,-81,112,-93
10.139999999999828,53,200,1,374,0,0,1,1,163,61,1,0,9344,2332,-11552,-85,83,-99
10.149999999999828,6,64,1,283,0,1,0,1,162,18,1,1,9440,2444,-11612,-109,100,-104
10.159999999999828,0,85,1,259,0,0,1,0,163,0,1,0,9404,2244,-11568,-90,95,-95
10.169999999999828,0,332,0,360,1,0,0,0,163,0,1,1,9476,2356,-11612,-90,96,-95
10.179999999999827,49,513,0,523,1,1,0,1,163,67,0,1,9428,2320,-11596,-105,81,-104
10.189999999999827,50,508,0,522,0,1,1,1,163,68,0,1,9320,2284,-11476,-130,94,-120
10.199999999999827,50,506,0,522,0,0,1,1,164,66,0,1,9372,2168,-11568,-126,76,-98
10.209999999999827,76,467,1,533,0,1,0,1,163,76,1,0,9504,2484,-11652,-91,98,-79
10.219999999999827,59,265,1,422,0,1,0,1,163,72,0,1,9436,2340,-11584,-116,94,-111
10.229999999999826,59,263,0,414,0,0,1,1,163,72,1,1,9388,2212,-11552,-100,101,-94
10.239999999999826,59,262,0,415,0,0,1,1,164,71,1,1,9344,2412,-11584,-87,118,-88
10.249999999999826,54,192,1,369,0,0,0,1,163,58,1,0,9520,2420,-11588,-97,96,-99
10.259999999999826,0,60,1,279,0,1,0,1,163,16,0,1,9352,2292,-11456,-104,96,-91
10.269999999999825,0,122,0,266,0,0,0,0,163,0,0,1,9404,2352,-11488,-66,80,-88
10.279999999999825,0,460,0,449,0,0,0,0,163,0,0,1,9520,2436,-11616,-91,101,-105
10.289999999999825,36,524,1,528,0,1,0,1,163,56,0,0,9348,2296,-11592,-93,93,-83
10.299999999999825,73,457,1,534,1,1,0,0,163,79,0,1,9384,2292,-11612,-90,94,-112
10.309999999999825,63,342,1,487,0,1,1,1,163,84,1,0,9460,2388,-11760,-86,86,-107
10.319999999999824,58,258,1,417,0,0,1,1,163,71,1,0,9440,2380,-11576,-107,99,-83
10.329999999999824,53,188,1,365,0,1,1,1,163,58,1,0,9364,2292,-11528,-116,108,-100
10.339999999999824,58,267,1,416,1,1,0,1,163,71,1,1,9408,2276,-11708,-85,123,-96
10.349999999999824,52,187,1,364,0,1,1,1,163,58,2,1,9428,2416,-11584,-100,112,-89
10.359999999999824,54,195,0,358,0,1,0,1,163,58,0,1,9288,2296,-11712,-111,95,-104
10.369999999999823,56,199,0,356,0,1,1,1,163,58,0,1,9504,2320,-11560,-72,95,-85
10.379999999999823,0,61,1,276,0,1,0,1,163,13,1,1,9444,2332,-11528,-80,101,-93
10.389999999999823,0,132,1,274,1,0,0,0,163,0,1,1,9404,2464,-11696,-83,96,-94
10.399999999999823,0,475,0,457,1,0,0,0,164,0,0,0,9328,2256,-11528,-92,105,-104
10.409999999999823,37,523,1,529,0,1,0,1,163,58,0,1,9440,2348,-11708,-89,90,-101
10.419999999999822,56,506,1,529,0,0,1,1,163,68,1,0,9384,2344,-11708,-99,102,-111
10.429999999999822,57,504,0,521,0,0,1,1,163,68,0,1,9460,2304,-11608,-84,121,-93
10.439999999999822,75,447,1,535,0,1,0,1,163,80,1,0,9460,2368,-11652,-86,109,-107
10.449999999999822,74,444,0,529,0,1,1,1,164,79,1,1,9416,2380,-11808,-98,103,-106
10.459999999999821,75,444,0,528,0,1,1,1,164,79,1,1,9472,2392,-11692,-95,98,-71
10.469999999999821,58,249,2,410,0,1,0,1,163,69,0,1,9352,2312,-11636,-76,114,-109
10.479999999999821,57,247,0,402,0,0,1,1,163,70,0,1,9364,2472,-11804,-60,95,-100
10.48999999999982,53,179,1,359,0,1,1,1,163,55,1,0,9468,2344,-11584,-96,101,-106
10.49999999999982,51,189,0,352,0,0,1,1,164,55,0,1,9272,2272,-11608,-96,70,-101
10.50999999999982,30,123,1,310,0,1,1,1,164,35,1,0,9432,2388,-11492,-85,98,-96
10.51999999999982,0,86,1,261,0,1,0,0,163,0,1,1,9432,2300,-11608,-96,111,-89
10.52999999999982,0,244,1,306,1,0,0,0,163,0,1,1,9336,2288,-11432,-102,119,-111
10.53999999999982,0,334,1,395,0,0,0,0,163,0,1,0,9288,2348,-11476,-84,105,-104
10.54999999999982,28,524,1,514,0,1,0,0,163,35,0,1,9508,2392,-11536,-98,100,-95
10.55999999999982,38,521,1,528,0,1,1,1,163,60,1,0,9560,2356,-11736,-105,79,-92
10.569999999999819,61,503,1,529,0,1,0,1,164,69,1,1,9472,2424,-11720,-105,114,-107
10.579999999999819,40,519,0,528,1,1,0,0,164,61,0,0,9548,2324,-11628,-82,102,-90
10.589999999999819,59,503,2,530,0,1,1,1,163,69,1,0,9396,2360,-11456,-88,97,-93
10.599999999999818,61,318,1,463,0,1,0,1,163,84,1,1,9424,2224,-11604,-89,88,-97
10.609999999999818,51,170,1,355,0,1,0,1,163,54,0,1,9400,2368,-11560,-80,93,-100
10.619999999999818,27,113,1,307,0,1,1,1,164,33,1,0,9384,2348,-11544,-102,90,-121
10.629999999999818,26,141,0,299,0,0,1,1,163,33,1,0,9412,2344,-11520,-79,80,-94
10.639999999999818,0,100,1,262,0,1,0,0,163,0,0,1,9400,2328,-11652,-88,108,-107
10.649999999999817,0,145,1,277,0,1,0,0,163,0,0,1,9412,2444,-11564,-91,63,-101
10.659999999999817,0,380,0,401,1,1,0,1,163,0,1,1,9396,2288,-11520,-90,85,-89
10.669999999999817,60,501,1,527,1,0,0,1,164,69,0,1,9376,2320,-11664,-90,102,-89
10.679999999999817,79,435,1,534,0,0,1,1,164,81,1,0,9344,2396,-11648,-74,112,-95
10.689999999999817,62,315,1,456,0,1,1,2,164,85,0,0,9408,2312,-11700,-77,99,-85
10.699999999999816,49,166,1,351,0,1,0,1,164,53,0,1,9452,2224,-11504,-88,109,-98
10.709999999999816,25,111,1,303,0,0,1,1,163,32,1,0,9456,2328,-11712,-81,102,-91
10.719999999999816,0,82,1,265,0,1,1,1,164,8,1,0,9420,2324,-11536,-72,92,-103
10.729999999999816,0,188,1,290,1,0,0,0,164,0,1,0,9468,2252,-11568,-101,85,-99
10.739999999999815,0,491,0,477,1,0,0,0,163,0,0,0,9428,2412,-11684,-80,97,-90
10.749999999999815,79,432,1,529,1,1,0,1,164,81,0,1,9380,2340,-11588,-96,112,-92
10.759999999999815,60,311,1,456,0,1,1,1,164,86,1,0,9428,2268,-11496,-86,86,-95
10.769999999999815,50,164,1,351,0,1,0,1,163,53,0,1,9400,2360,-11564,-95,86,-109
10.779999999999815,25,110,1,303,0,1,1,1,164,31,1,0,9316,2348,-11620,-98,93,-104
10.789999999999814,0,83,1,265,0,1,1,1,164,7,0,0,9484,2348,-11548,-84,77,-101
10.799999999999814,0,187,1,288,1,0,0,0,164,0,0,1,9404,2312,-11540,-93,94,-103
10.809999999999814,0,491,0,479,2,0,0,0,164,0,0,0,9360,2328,-11556,-94,91,-103
10.819999999999814,61,498,0,523,1,0,0,1,164,71,1,1,9300,2364,-11460,-90,98,-90
10.829999999999814,60,308,1,453,0,2,0,1,164,85,1,1,9436,2336,-11540,-85,103,-111
10.839999999999813,62,307,0,446,0,1,1,1,164,84,1,0,9440,2408,-11532,-103,103,-93
10.849999999999813,61,307,0,445,0,1,1,1,164,85,1,1,9472,2336,-11540,-87,66,-88
10.859999999999813,49,161,1,351,0,2,0,1,163,52,0,1,9376,2340,-11700,-87,102,-99
10.869999999999813,23,108,1,300,0,1,1,1,164,30,1,0,9416,2396,-11800,-79,101,-82
10.879999999999812,0,84,1,262,0,1,1,0,164,6,1,0,9396,2352,-11676,-89,113,-104
10.889999999999812,0,148,0,273,1,0,0,0,164,0,0,1,9420,2268,-11576,-95,93,-85
10.899999999999812,0,508,0,480,1,0,0,1,163,0,1,1,9448,2320,-11604,-97,104,-112
10.909999999999812,41,518,1,529,0,1,0,1,163,64,1,1,9440,2312,-11596,-104,84,-98
10.919999999999812,62,496,1,532,0,0,0,1,163,70,1,0,9408,2256,-11680,-91,120,-94
10.929999999999811,79,423,1,533,0,1,1,1,163,81,1,0,9388,2292,-11720,-97,85,-93
10.939999999999811,55,228,1,395,0,1,0,1,164,67,1,1,9440,2420,-11640,-90,111,-101
10.949999999999811,57,227,1,389,0,1,1,1,164,66,0,1,9404,2280,-11500,-97,104,-117
10.95999999999981,57,228,0,389,0,1,1,1,164,67,1,1,9440,2312,-11652,-91,114,-114
10.96999999999981,56,227,0,388,0,1,1,1,163,67,1,1,9496,2448,-11588,-99,109,-96
10.97999999999981,48,160,1,346,0,0,1,0,164,51,1,1,9372,2328,-11760,-108,105,-93
10.98999999999981,48,177,0,338,0,1,0,1,164,51,1,1,9388,2276,-11616,-98,96,-104
10.99999999999981,22,116,1,299,0,1,1,1,164,29,1,0,9444,2304,-11544,-84,105,-80
11.00999999999981,0,92,0,261,0,1,1,1,163,5,1,0,9476,2428,-11496,-89,84,-105
11.01999999999981,0,193,0,292,1,0,0,1,163,0,0,1,9384,2300,-11620,-69,105,-100
11.02999999999981,0,382,1,417,0,1,0,0,164,0,0,1,9404,2428,-11668,-76,126,-83
11.039999999999809,41,517,1,523,1,1,0,1,164,63,0,1,9392,2348,-11564,-92,113,-96
11.049999999999809,64,493,1,532,0,0,1,1,163,72,1,0,9388,2400,-11632,-85,93,-96
11.059999999999809,60,300,1,446,0,1,0,2,164,84,0,1,9396,2372,-11464,-92,86,-106
11.069999999999808,57,225,1,392,0,1,0,0,164,66,1,0,9536,2392,-11564,-76,102,-101
11.079999999999808,56,224,0,385,0,0,0,1,164,65,0,1,9444,2364,-11500,-104,105,-101
11.089999999999808,63,301,1,446,1,1,0,1,163,84,1,1,9484,2280,-11520,-72,100,-84
11.099999999999808,55,224,1,392,0,0,1,1,163,66,1,0,9364,2376,-11564,-71,117,-90
11.109999999999808,48,155,1,343,0,1,1,1,163,49,1,1,9412,2360,-11520,-89,86,-103
11.119999999999807,19,105,1,296,0,0,1,1,163,26,1,0,9404,2276,-11460,-85,87,-95
11.129999999999807,0,97,1,264,0,2,0,0,163,0,0,1,9452,2360,-11524,-95,103,-88
11.139999999999807,0,287,1,330,1,0,0,0,163,0,0,1,9348,2372,-11720,-87,96,-106
11.149999999999807,32,529,1,519,1,0,0,1,162,43,0,1,9436,2308,-11540,-81,89,-110
11.159999999999807,42,516,1,528,0,1,1,1,164,64,1,1,9472,2456,-11732,-88,85,-112
11.169999999999806,65,489,1,532,0,1,0,1,164,73,1,1,9452,2420,-11480,-94,119,-96
11.179999999999806,79,409,1,526,0,1,0,1,164,83,1,0,9372,2324,-11644,-104,94,-91
11.189999999999806,61,295,1,443,0,0,1,1,164,82,1,0,9408,2360,-11476,-95,99,-91
11.199999999999806,47,148,1,340,0,1,0,1,163,49,0,1,9376,2324,-11548,-112,104,-110
11.209999999999805,57,240,1,388,1,1,0,1,163,65,1,0,9428,2328,-11552,-98,85,-115
11.219999999999805,46,156,1,340,0,1,1,1,163,48,1,0,9416,2280,-11620,-105,90,-96
11.229999999999805,18,106,1,293,0,1,1,1,163,25,1,0,9516,2404,-11620,-75,92,-107
11.239999999999805,0,92,1,258,0,0,1,0,163,1,1,0,9456,2280,-11524,-91,90,-93
11.249999999999805,0,296,0,337,1,0,0,0,163,0,0,0,9412,2284,-11696,-70,105,-77
11.259999999999804,33,531,0,517,1,0,0,1,163,45,1,0,9452,2392,-11488,-85,100,-99
11.269999999999804,44,516,1,529,0,1,1,1,164,65,1,0,9384,2308,-11568,-64,82,-96
11.279999999999804,76,400,1,523,0,1,0,1,163,84,0,1,9404,2228,-11512,-72,69,-104
11.289999999999804,59,290,1,439,0,1,1,0,163,81,1,0,9424,2428,-11564,-108,77,-101
11.299999999999804,59,287,0,431,0,1,1,1,164,80,1,1,9424,2276,-11720,-101,106,-116
11.309999999999803,77,396,1,522,1,1,0,1,163,84,1,1,9444,2340,-11632,-78,100,-89
11.319999999999803,59,288,1,439,0,1,0,1,163,81,1,1,9456,2392,-11644,-93,92,-107
11.329999999999803,55,214,1,383,0,1,1,1,163,64,1,0,9488,2360,-11644,-96,103,-104
11.339999999999803,55,213,0,377,0,1,1,1,163,64,0,1,9528,2328,-11444,-89,104,-99
11.349999999999802,43,144,1,335,0,0,0,1,163,46,1,0,9436,2304,-11660,-77,88,-109
11.359999999999802,15,99,1,289,0,1,1,1,163,24,1,0,9336,2316,-11596,-104,94,-102
11.369999999999802,0,92,1,258,0,0,0,1,164,1,1,0,9376,2376,-11500,-67,116,-97
11.379999999999802,0,203,0,295,1,0,0,0,163,0,1,0,9476,2288,-11552,-72,107,-82
11.389999999999802,1,503,1,499,1,1,0,0,163,11,0,1,9412,2348,-11648,-85,92,-88
11.399999999999801,69,480,0,527,1,0,0,1,163,73,0,1,9360,2340,-11592,-87,91,-112
11.409999999999801,76,387,1,514,0,0,0,1,163,85,1,0,9412,2368,-11644,-84,103,-91
11.419999999999801,59,282,1,433,0,1,1,1,164,79,1,0,9460,2336,-11600,-79,106,-113
11.4299999999998,60,280,0,425,0,0,1,1,163,79,0,1,9384,2216,-11416,-93,90,-92
11.4399999999998,42,136,1,331,0,1,0,1,163,45,0,1,9356,2340,-11580,-82,95,-112
11.4499999999998,12,96,1,286,0,0,1,1,163,22,1,0,9448,2324,-11568,-95,111,-102
11.4599999999998,0,96,1,258,0,1,0,1,164,0,1,0,9328,2348,-11576,-92,87,-110
11.4699999999998,0,205,1,295,1,0,0,0,163,0,1,0,9340,2352,-11596,-86,110,-98
11.4799999999998,4,507,1,493,1,0,0,0,163,15,0,1,9400,2424,-11640,-96,120,-92
11.4899999999998,47,513,1,531,0,1,0,1,163,65,0,1,9440,2336,-11580,-84,94,-80
11.4999999999998,72,378,1,511,0,2,0,1,163,85,0,1,9500,2392,-11496,-64,109,-84
11.509999999999799,60,279,1,430,0,1,0,1,162,77,1,0,9440,2380,-11588,-74,113,-83
11.519999999999799,54,205,1,376,0,0,1,1,162,62,1,0,9388,2252,-11472,-90,108,-89
11.529999999999799,41,138,1,329,0,0,0,1,162,44,1,0,9420,2340,-11720,-90,97,-107
11.539999999999798,7,97,1,287,0,0,1,0,163,19,1,0,9528,2340,-11572,-98,101,-91
11.549999999999798,0,130,1,271,1,0,0,0,161,0,0,1,9440,2252,-11556,-87,110,-97
11.559999999999798,0,322,0,357,1,0,0,0,162,0,1,1,9372,2288,-11716,-94,93,-99
11.569999999999798,47,506,1,522,1,0,0,1,163,66,1,1,9412,2332,-11568,-77,96,-98
11.579999999999798,69,364,0,505,0,1,0,2,163,84,0,1,9444,2248,-11448,-89,88,-99
11.589999999999797,53,195,2,376,0,1,0,1,163,59,0,1,9480,2232,-11512,-84,119,-104
11.599999999999797,52,199,0,367,0,1,1,1,163,59,0,0,9452,2300,-11556,-105,100,-108
11.609999999999797,59,273,1,426,1,1,0,1,163,73,1,0,9356,2368,-11668,-65,72,-106
11.619999999999797,53,194,1,375,0,1,1,1,163,59,1,0,9392,2556,-11648,-123,72,-100
11.629999999999797,53,199,0,367,0,1,1,1,163,59,1,1,9368,2204,-11520,-112,101,-101
11.639999999999796,59,274,1,426,1,1,0,1,163,73,1,0,9408,2296,-11480,-76,100,-109
11.649999999999796,59,262,0,419,0,1,1,1,163,72,1,1,9460,2428,-11488,-95,84,-102
11.659999999999796,52,192,1,373,0,1,1,1,164,58,1,0,9476,2380,-11596,-112,101,-102
11.669999999999796,58,268,1,424,1,1,0,1,164,72,1,0,9464,2264,-11560,-97,102,-109
11.679999999999795,58,259,0,416,0,1,1,1,163,72,0,1,9460,2304,-11576,-83,87,-101
11.689999999999795,53,190,1,371,0,0,1,1,164,58,1,0,9412,2368,-11408,-106,91,-109
11.699999999999795,52,196,0,364,0,1,1,1,164,58,0,1,9416,2228,-11532,-105,102,-108
11.709999999999795,59,270,1,422,1,0,0,1,164,71,1,0,9340,2208,-11624,-86,108,-106
11.719999999999795,56,257,0,414,0,1,1,1,163,71,0,1,9444,2400,-11644,-92,96,-100
11.729999999999794,53,188,1,369,0,1,0,1,163,57,1,0,9460,2420,-11620,-78,98,-102
11.739999999999794,35,126,1,322,0,1,1,0,163,39,1,0,9392,2272,-11584,-95,95,-84
11.749999999999794,0,76,1,264,0,1,0,0,164,0,0,1,9308,2316,-11644,-94,90,-80
11.759999999999794,0,345,1,380,0,1,0,0,163,0,0,0,9416,2332,-11556,-104,109,-113
11.769999999999794,0,421,1,459,0,0,1,0,164,0,1,0,9364,2232,-11596,-96,105,-98
11.779999999999793,54,499,0,521,1,0,0,1,164,68,0,1,9448,2332,-11504,-86,85,-85
11.789999999999793,62,334,1,485,0,1,0,1,164,85,1,1,9396,2360,-11764,-111,89,-105
11.799999999999793,61,329,0,477,0,1,1,2,164,85,1,1,9420,2304,-11684,-106,99,-97
11.809999999999793,57,251,1,415,0,1,1,1,164,70,1,0,9376,2288,-11668,-86,82,-90
11.819999999999792,32,113,1,320,0,1,0,1,163,38,0,1,9504,2320,-11576,-73,108,-94
11.829999999999792,0,83,1,279,0,1,1,0,164,13,1,0,9380,2404,-11592,-93,95,-91
11.839999999999792,0,175,0,286,0,0,0,0,164,0,1,1,9356,2260,-11596,-91,81,-101
11.849999999999792,0,458,1,455,1,0,0,0,164,0,1,1,9444,2264,-11608,-77,97,-102
11.859999999999792,53,500,0,522,1,1,0,1,164,68,1,1,9504,2412,-11724,-95,87,-89
11.869999999999791,61,325,1,482,0,1,0,1,164,84,0,1,9452,2280,-11528,-101,71,-103
11.879999999999791,62,324,0,473,0,1,1,1,164,83,1,1,9420,2356,-11588,-74,102,-91
11.889999999999791,58,248,1,414,0,0,1,1,164,69,1,0,9332,2452,-11676,-90,113,-96
11.89999999999979,52,179,1,363,0,1,0,1,164,55,1,0,9464,2296,-11604,-97,93,-101
11.90999999999979,30,118,1,315,0,1,1,0,164,36,1,0,9384,2328,-11668,-114,102,-86
11.91999999999979,29,145,0,307,0,0,1,0,164,35,0,0,9340,2312,-11620,-100,73,-88
11.92999999999979,0,97,1,275,0,1,1,1,164,10,1,0,9432,2376,-11620,-88,88,-98
11.93999999999979,0,186,0,289,0,1,0,0,164,0,1,0,9380,2320,-11504,-84,109,-107
11.94999999999979,0,350,1,394,0,1,0,0,164,0,0,1,9536,2308,-11516,-112,93,-98
11.95999999999979,37,517,1,528,1,1,0,1,164,62,1,1,9460,2320,-11584,-98,101,-106
11.96999999999979,37,514,0,522,0,1,1,1,164,61,1,0,9412,2300,-11568,-93,108,-85
11.979999999999789,57,497,1,529,0,1,1,1,164,70,1,0,9436,2324,-11724,-98,81,-97
11.989999999999789,61,315,1,468,0,1,0,1,164,84,1,1,9484,2356,-11688,-98,64,-116
11.999999999999789,56,240,1,407,0,1,1,1,164,67,1,0,9424,2360,-11656,-83,106,-111
12.009999999999788,56,237,0,400,0,0,1,1,164,68,0,1,9348,2388,-11556,-85,99,-107
12.019999999999788,50,171,1,357,0,1,1,1,164,53,1,0,9360,2404,-11512,-75,89,-92
12.029999999999788,0,50,1,272,0,2,0,1,163,8,0,1,9384,2316,-11812,-104,100,-97
12.039999999999788,0,138,0,274,1,0,0,0,163,0,0,1,9452,2272,-11616,-92,103,-97
12.049999999999788,0,372,0,402,1,1,0,0,163,0,0,1,9564,2392,-11556,-97,99,-107
12.059999999999787,39,515,0,527,1,0,0,1,163,62,1,1,9432,2392,-11616,-104,117,-94
12.069999999999787,39,513,0,522,0,1,0,0,164,63,1,0,9296,2340,-11792,-106,90,-94
12.079999999999787,61,494,1,530,0,0,1,1,164,70,0,0,9348,2356,-11652,-101,96,-117
12.089999999999787,61,491,0,523,0,1,1,1,163,71,1,1,9480,2344,-11384,-89,77,-84
12.099999999999786,59,306,1,454,0,1,0,2,164,85,0,1,9432,2396,-11652,-97,110,-110
12.109999999999786,59,303,1,447,0,1,1,1,163,84,0,1,9428,2412,-11656,-77,99,-93
12.119999999999786,48,159,1,350,0,1,0,1,164,51,0,1,9328,2284,-11508,-103,100,-100
12.129999999999786,56,244,1,399,1,0,0,1,164,66,1,0,9420,2348,-11512,-93,95,-105
12.139999999999786,47,162,1,351,0,0,0,1,164,50,1,0,9336,2308,-11620,-90,127,-101
12.149999999999785,47,177,0,343,1,1,1,1,164,50,1,1,9448,2328,-11712,-90,111,-102
12.159999999999785,46,183,0,341,0,1,0,0,164,50,0,1,9392,2364,-11632,-95,98,-92
12.169999999999785,0,68,1,264,0,1,0,1,164,4,0,1,9412,2396,-11648,-76,86,-116
12.179999999999785,0,197,1,293,1,1,0,0,164,0,1,0,9436,2344,-11496,-93,98,-73
12.189999999999785,30,543,1,517,1,0,0,0,164,43,1,0,9340,2340,-11584,-103,87,-106
12.199999999999784,32,522,0,518,0,0,0,1,164,42,1,0,9488,2348,-11460,-89,100,-95
12.209999999999784,41,511,1,527,1,1,1,0,164,64,1,0,9460,2280,-11584,-83,112,-86
12.219999999999784,63,484,1,533,0,0,0,1,164,72,1,0,9580,2320,-11612,-99,116,-88
12.229999999999784,78,405,1,528,0,1,0,1,164,82,0,0,9456,2380,-11588,-95,100,-95
12.239999999999783,61,292,1,444,0,1,1,1,164,82,1,0,9480,2384,-11620,-98,107,-106
12.249999999999783,61,288,0,436,0,1,1,1,163,81,1,0,9532,2380,-11740,-81,87,-99
12.259999999999783,45,145,1,341,0,1,0,1,164,47,0,1,9472,2348,-11640,-99,105,-98
12.269999999999783,16,101,1,295,0,1,0,1,164,23,1,0,9476,2400,-11544,-86,101,-99
12.279999999999783,0,92,1,262,0,0,1,0,165,0,1,0,9440,2412,-11636,-84,114,-99
12.289999999999782,0,211,0,300,0,1,0,0,164,0,0,0,9512,2300,-11560,-107,84,-110
12.299999999999782,0,400,1,431,0,1,0,0,164,0,0,1,9384,2356,-11640,-91,91,-80
12.309999999999782,67,475,1,528,1,0,0,1,164,73,1,1,9424,2476,-11660,-99,107,-79
12.319999999999782,76,384,1,519,0,1,1,1,164,84,0,0,9440,2300,-11684,-87,96,-108
12.329999999999782,58,277,1,436,0,0,1,1,164,78,1,0,9416,2344,-11644,-92,86,-103
12.339999999999781,53,204,1,383,0,1,0,1,164,61,1,0,9384,2392,-11496,-97,106,-92
12.349999999999781,41,139,1,335,0,1,1,1,164,43,1,0,9416,2304,-11692,-92,97,-105
12.359999999999781,10,99,1,291,0,1,0,1,163,20,1,0,9436,2280,-11616,-96,113,-102
12.36999999999978,0,98,1,265,0,0,0,1,164,0,0,0,9436,2320,-11520,-75,109,-88
12.37999999999978,0,217,0,302,2,0,0,0,164,0,1,0,9444,2360,-11528,-86,78,-98
12.38999999999978,33,532,1,522,1,0,0,0,164,50,0,1,9492,2360,-11724,-92,87,-81
12.39999999999978,69,463,1,533,0,1,0,1,163,75,1,1,9440,2380,-11588,-99,99,-104
12.40999999999978,70,361,1,504,0,1,0,1,163,83,1,0,9512,2420,-11492,-95,100,-100
12.41999999999978,68,356,0,496,0,1,1,1,164,83,1,1,9344,2356,-11620,-95,100,-120
12.42999999999978,67,353,0,494,0,1,1,1,164,82,1,1,9524,2400,-11652,-97,95,-108
12.43999999999978,59,263,1,426,0,0,1,1,164,73,1,0,9444,2328,-11552,-100,77,-97
12.449999999999779,53,190,1,374,0,0,0,1,163,58,1,0,9496,2392,-11616,-92,90,-103
12.459999999999779,35,128,1,327,0,1,1,0,163,39,1,0,9392,2228,-11580,-88,114,-102
12.469999999999779,35,153,0,319,0,1,1,1,164,39,1,0,9348,2400,-11592,-66,102,-102
12.479999999999778,35,165,0,316,0,1,1,1,164,38,1,0,9356,2368,-11656,-92,87,-107
12.489999999999778,0,108,1,284,0,0,1,0,164,14,1,0,9324,2460,-11468,-87,97,-110
12.499999999999778,0,123,1,269,0,1,0,1,164,0,0,1,9392,2420,-11752,-84,96,-79
12.509999999999778,0,356,0,376,1,0,0,0,163,0,0,1,9432,2296,-11368,-104,124,-88
